,0
0,Male == -1 and Bald == -1 and Young == -1 and Eyeglasses == -1 and Bushy_Eyebrows == -1 and Arched_Eyebrows == -1 and Big_Nose == -1 and Pointy_Nose == -1 and Mustache == 1 and (Brown_Hair == -1 or Black_Hair == -1) and (Blond_Hair == -1 or Grey_Hair == -1) and  Blurry == - 1
1,Male == -1 and Bald == -1 and Young == -1 and Eyeglasses == -1 and Bushy_Eyebrows == -1 and Arched_Eyebrows == -1 and Big_Nose == -1 and Pointy_Nose == -1 and Mustache == 1 and (Brown_Hair == -1 or Black_Hair == -1) and (Blond_Hair == 1 or Grey_Hair == 1) and  Blurry == - 1
2,Male == -1 and Bald == -1 and Young == -1 and Eyeglasses == -1 and Bushy_Eyebrows == -1 and Arched_Eyebrows == -1 and Big_Nose == -1 and Pointy_Nose == -1 and Mustache == 1 and (Brown_Hair == 1 or Black_Hair == 1) and (Blond_Hair == -1 or Grey_Hair == -1) and  Blurry == - 1
3,Male == -1 and Bald == -1 and Young == -1 and Eyeglasses == -1 and Bushy_Eyebrows == -1 and Arched_Eyebrows == -1 and Big_Nose == -1 and Pointy_Nose == -1 and No_Beard == -1 and (Brown_Hair == -1 or Black_Hair == -1) and (Blond_Hair == 1 or Grey_Hair == 1) and  Blurry == - 1
4,Male == -1 and Bald == -1 and Young == -1 and Eyeglasses == -1 and Bushy_Eyebrows == -1 and Arched_Eyebrows == -1 and Big_Nose == -1 and Pointy_Nose == 1 and Mustache == 1 and (Brown_Hair == -1 or Black_Hair == -1) and (Blond_Hair == -1 or Grey_Hair == -1) and  Blurry == - 1
5,Male == -1 and Bald == -1 and Young == -1 and Eyeglasses == -1 and Bushy_Eyebrows == -1 and Arched_Eyebrows == -1 and Big_Nose == -1 and Pointy_Nose == 1 and Mustache == 1 and (Brown_Hair == -1 or Black_Hair == -1) and (Blond_Hair == 1 or Grey_Hair == 1) and  Blurry == - 1
6,Male == -1 and Bald == -1 and Young == -1 and Eyeglasses == -1 and Bushy_Eyebrows == -1 and Arched_Eyebrows == -1 and Big_Nose == -1 and Pointy_Nose == 1 and Mustache == 1 and (Brown_Hair == 1 or Black_Hair == 1) and (Blond_Hair == -1 or Grey_Hair == -1) and  Blurry == - 1
7,Male == -1 and Bald == -1 and Young == -1 and Eyeglasses == -1 and Bushy_Eyebrows == -1 and Arched_Eyebrows == -1 and Big_Nose == -1 and Pointy_Nose == 1 and No_Beard == -1 and (Brown_Hair == -1 or Black_Hair == -1) and (Blond_Hair == -1 or Grey_Hair == -1) and  Blurry == - 1
8,Male == -1 and Bald == -1 and Young == -1 and Eyeglasses == -1 and Bushy_Eyebrows == -1 and Arched_Eyebrows == -1 and Big_Nose == -1 and Pointy_Nose == 1 and No_Beard == -1 and (Brown_Hair == -1 or Black_Hair == -1) and (Blond_Hair == 1 or Grey_Hair == 1) and  Blurry == - 1
9,Male == -1 and Bald == -1 and Young == -1 and Eyeglasses == -1 and Bushy_Eyebrows == -1 and Arched_Eyebrows == -1 and Big_Nose == -1 and Pointy_Nose == 1 and No_Beard == -1 and (Brown_Hair == 1 or Black_Hair == 1) and (Blond_Hair == -1 or Grey_Hair == -1) and  Blurry == - 1
10,Male == -1 and Bald == -1 and Young == -1 and Eyeglasses == -1 and Bushy_Eyebrows == -1 and Arched_Eyebrows == -1 and Big_Nose == 1 and Pointy_Nose == -1 and Mustache == 1 and (Brown_Hair == -1 or Black_Hair == -1) and (Blond_Hair == -1 or Grey_Hair == -1) and  Blurry == - 1
11,Male == -1 and Bald == -1 and Young == -1 and Eyeglasses == -1 and Bushy_Eyebrows == -1 and Arched_Eyebrows == -1 and Big_Nose == 1 and Pointy_Nose == -1 and Mustache == 1 and (Brown_Hair == -1 or Black_Hair == -1) and (Blond_Hair == 1 or Grey_Hair == 1) and  Blurry == - 1
12,Male == -1 and Bald == -1 and Young == -1 and Eyeglasses == -1 and Bushy_Eyebrows == -1 and Arched_Eyebrows == -1 and Big_Nose == 1 and Pointy_Nose == -1 and Mustache == 1 and (Brown_Hair == 1 or Black_Hair == 1) and (Blond_Hair == -1 or Grey_Hair == -1) and  Blurry == - 1
13,Male == -1 and Bald == -1 and Young == -1 and Eyeglasses == -1 and Bushy_Eyebrows == -1 and Arched_Eyebrows == 1 and Big_Nose == -1 and Pointy_Nose == -1 and Mustache == 1 and (Brown_Hair == -1 or Black_Hair == -1) and (Blond_Hair == -1 or Grey_Hair == -1) and  Blurry == - 1
14,Male == -1 and Bald == -1 and Young == -1 and Eyeglasses == -1 and Bushy_Eyebrows == -1 and Arched_Eyebrows == 1 and Big_Nose == -1 and Pointy_Nose == -1 and Mustache == 1 and (Brown_Hair == -1 or Black_Hair == -1) and (Blond_Hair == 1 or Grey_Hair == 1) and  Blurry == - 1
15,Male == -1 and Bald == -1 and Young == -1 and Eyeglasses == -1 and Bushy_Eyebrows == -1 and Arched_Eyebrows == 1 and Big_Nose == -1 and Pointy_Nose == -1 and Mustache == 1 and (Brown_Hair == 1 or Black_Hair == 1) and (Blond_Hair == -1 or Grey_Hair == -1) and  Blurry == - 1
16,Male == -1 and Bald == -1 and Young == -1 and Eyeglasses == -1 and Bushy_Eyebrows == -1 and Arched_Eyebrows == 1 and Big_Nose == -1 and Pointy_Nose == -1 and No_Beard == -1 and (Brown_Hair == -1 or Black_Hair == -1) and (Blond_Hair == 1 or Grey_Hair == 1) and  Blurry == - 1
17,Male == -1 and Bald == -1 and Young == -1 and Eyeglasses == -1 and Bushy_Eyebrows == -1 and Arched_Eyebrows == 1 and Big_Nose == -1 and Pointy_Nose == -1 and No_Beard == -1 and (Brown_Hair == 1 or Black_Hair == 1) and (Blond_Hair == -1 or Grey_Hair == -1) and  Blurry == - 1
18,Male == -1 and Bald == -1 and Young == -1 and Eyeglasses == -1 and Bushy_Eyebrows == -1 and Arched_Eyebrows == 1 and Big_Nose == -1 and Pointy_Nose == 1 and Mustache == 1 and (Brown_Hair == -1 or Black_Hair == -1) and (Blond_Hair == -1 or Grey_Hair == -1) and  Blurry == - 1
19,Male == -1 and Bald == -1 and Young == -1 and Eyeglasses == -1 and Bushy_Eyebrows == -1 and Arched_Eyebrows == 1 and Big_Nose == -1 and Pointy_Nose == 1 and Mustache == 1 and (Brown_Hair == -1 or Black_Hair == -1) and (Blond_Hair == 1 or Grey_Hair == 1) and  Blurry == - 1
20,Male == -1 and Bald == -1 and Young == -1 and Eyeglasses == -1 and Bushy_Eyebrows == -1 and Arched_Eyebrows == 1 and Big_Nose == -1 and Pointy_Nose == 1 and Mustache == 1 and (Brown_Hair == 1 or Black_Hair == 1) and (Blond_Hair == -1 or Grey_Hair == -1) and  Blurry == - 1
21,Male == -1 and Bald == -1 and Young == -1 and Eyeglasses == -1 and Bushy_Eyebrows == -1 and Arched_Eyebrows == 1 and Big_Nose == -1 and Pointy_Nose == 1 and No_Beard == -1 and (Brown_Hair == -1 or Black_Hair == -1) and (Blond_Hair == 1 or Grey_Hair == 1) and  Blurry == - 1
22,Male == -1 and Bald == -1 and Young == -1 and Eyeglasses == -1 and Bushy_Eyebrows == -1 and Arched_Eyebrows == 1 and Big_Nose == -1 and Pointy_Nose == 1 and No_Beard == -1 and (Brown_Hair == 1 or Black_Hair == 1) and (Blond_Hair == -1 or Grey_Hair == -1) and  Blurry == - 1
23,Male == -1 and Bald == -1 and Young == -1 and Eyeglasses == -1 and Bushy_Eyebrows == -1 and Arched_Eyebrows == 1 and Big_Nose == 1 and Pointy_Nose == -1 and Mustache == 1 and (Brown_Hair == -1 or Black_Hair == -1) and (Blond_Hair == -1 or Grey_Hair == -1) and  Blurry == - 1
24,Male == -1 and Bald == -1 and Young == -1 and Eyeglasses == -1 and Bushy_Eyebrows == -1 and Arched_Eyebrows == 1 and Big_Nose == 1 and Pointy_Nose == -1 and Mustache == 1 and (Brown_Hair == -1 or Black_Hair == -1) and (Blond_Hair == 1 or Grey_Hair == 1) and  Blurry == - 1
25,Male == -1 and Bald == -1 and Young == -1 and Eyeglasses == -1 and Bushy_Eyebrows == -1 and Arched_Eyebrows == 1 and Big_Nose == 1 and Pointy_Nose == -1 and Mustache == 1 and (Brown_Hair == 1 or Black_Hair == 1) and (Blond_Hair == -1 or Grey_Hair == -1) and  Blurry == - 1
26,Male == -1 and Bald == -1 and Young == -1 and Eyeglasses == -1 and Bushy_Eyebrows == -1 and Arched_Eyebrows == 1 and Big_Nose == 1 and Pointy_Nose == -1 and No_Beard == -1 and (Brown_Hair == -1 or Black_Hair == -1) and (Blond_Hair == -1 or Grey_Hair == -1) and  Blurry == - 1
27,Male == -1 and Bald == -1 and Young == -1 and Eyeglasses == -1 and Bushy_Eyebrows == -1 and Arched_Eyebrows == 1 and Big_Nose == 1 and Pointy_Nose == -1 and No_Beard == -1 and (Brown_Hair == -1 or Black_Hair == -1) and (Blond_Hair == 1 or Grey_Hair == 1) and  Blurry == - 1
28,Male == -1 and Bald == -1 and Young == -1 and Eyeglasses == -1 and Bushy_Eyebrows == -1 and Arched_Eyebrows == 1 and Big_Nose == 1 and Pointy_Nose == -1 and No_Beard == -1 and (Brown_Hair == 1 or Black_Hair == 1) and (Blond_Hair == -1 or Grey_Hair == -1) and  Blurry == - 1
29,Male == -1 and Bald == -1 and Young == -1 and Eyeglasses == -1 and Bushy_Eyebrows == 1 and Arched_Eyebrows == -1 and Big_Nose == -1 and Pointy_Nose == -1 and Mustache == 1 and (Brown_Hair == -1 or Black_Hair == -1) and (Blond_Hair == 1 or Grey_Hair == 1) and  Blurry == - 1
30,Male == -1 and Bald == -1 and Young == -1 and Eyeglasses == -1 and Bushy_Eyebrows == 1 and Arched_Eyebrows == -1 and Big_Nose == -1 and Pointy_Nose == -1 and No_Beard == -1 and (Brown_Hair == -1 or Black_Hair == -1) and (Blond_Hair == 1 or Grey_Hair == 1) and  Blurry == - 1
31,Male == -1 and Bald == -1 and Young == -1 and Eyeglasses == -1 and Bushy_Eyebrows == 1 and Arched_Eyebrows == -1 and Big_Nose == -1 and Pointy_Nose == 1 and Mustache == 1 and (Brown_Hair == -1 or Black_Hair == -1) and (Blond_Hair == -1 or Grey_Hair == -1) and  Blurry == - 1
32,Male == -1 and Bald == -1 and Young == -1 and Eyeglasses == -1 and Bushy_Eyebrows == 1 and Arched_Eyebrows == -1 and Big_Nose == -1 and Pointy_Nose == 1 and Mustache == 1 and (Brown_Hair == -1 or Black_Hair == -1) and (Blond_Hair == 1 or Grey_Hair == 1) and  Blurry == - 1
33,Male == -1 and Bald == -1 and Young == -1 and Eyeglasses == -1 and Bushy_Eyebrows == 1 and Arched_Eyebrows == -1 and Big_Nose == -1 and Pointy_Nose == 1 and Mustache == 1 and (Brown_Hair == 1 or Black_Hair == 1) and (Blond_Hair == -1 or Grey_Hair == -1) and  Blurry == - 1
34,Male == -1 and Bald == -1 and Young == -1 and Eyeglasses == -1 and Bushy_Eyebrows == 1 and Arched_Eyebrows == -1 and Big_Nose == -1 and Pointy_Nose == 1 and No_Beard == -1 and (Brown_Hair == -1 or Black_Hair == -1) and (Blond_Hair == -1 or Grey_Hair == -1) and  Blurry == - 1
35,Male == -1 and Bald == -1 and Young == -1 and Eyeglasses == -1 and Bushy_Eyebrows == 1 and Arched_Eyebrows == -1 and Big_Nose == -1 and Pointy_Nose == 1 and No_Beard == -1 and (Brown_Hair == -1 or Black_Hair == -1) and (Blond_Hair == 1 or Grey_Hair == 1) and  Blurry == - 1
36,Male == -1 and Bald == -1 and Young == -1 and Eyeglasses == -1 and Bushy_Eyebrows == 1 and Arched_Eyebrows == -1 and Big_Nose == -1 and Pointy_Nose == 1 and No_Beard == -1 and (Brown_Hair == 1 or Black_Hair == 1) and (Blond_Hair == -1 or Grey_Hair == -1) and  Blurry == - 1
37,Male == -1 and Bald == -1 and Young == -1 and Eyeglasses == -1 and Bushy_Eyebrows == 1 and Arched_Eyebrows == -1 and Big_Nose == 1 and Pointy_Nose == -1 and No_Beard == 1 and Mustache == -1 and (Brown_Hair == -1 or Black_Hair == -1) and (Blond_Hair == 1 or Grey_Hair == 1) and  Blurry == - 1
38,Male == -1 and Bald == -1 and Young == -1 and Eyeglasses == -1 and Bushy_Eyebrows == 1 and Arched_Eyebrows == -1 and Big_Nose == 1 and Pointy_Nose == -1 and Mustache == 1 and (Brown_Hair == -1 or Black_Hair == -1) and (Blond_Hair == -1 or Grey_Hair == -1) and  Blurry == - 1
39,Male == -1 and Bald == -1 and Young == -1 and Eyeglasses == -1 and Bushy_Eyebrows == 1 and Arched_Eyebrows == -1 and Big_Nose == 1 and Pointy_Nose == -1 and Mustache == 1 and (Brown_Hair == -1 or Black_Hair == -1) and (Blond_Hair == 1 or Grey_Hair == 1) and  Blurry == - 1
40,Male == -1 and Bald == -1 and Young == -1 and Eyeglasses == -1 and Bushy_Eyebrows == 1 and Arched_Eyebrows == -1 and Big_Nose == 1 and Pointy_Nose == -1 and Mustache == 1 and (Brown_Hair == 1 or Black_Hair == 1) and (Blond_Hair == -1 or Grey_Hair == -1) and  Blurry == - 1
41,Male == -1 and Bald == -1 and Young == -1 and Eyeglasses == -1 and Bushy_Eyebrows == 1 and Arched_Eyebrows == -1 and Big_Nose == 1 and Pointy_Nose == -1 and No_Beard == -1 and (Brown_Hair == -1 or Black_Hair == -1) and (Blond_Hair == -1 or Grey_Hair == -1) and  Blurry == - 1
42,Male == -1 and Bald == -1 and Young == -1 and Eyeglasses == -1 and Bushy_Eyebrows == 1 and Arched_Eyebrows == -1 and Big_Nose == 1 and Pointy_Nose == -1 and No_Beard == -1 and (Brown_Hair == -1 or Black_Hair == -1) and (Blond_Hair == 1 or Grey_Hair == 1) and  Blurry == - 1
43,Male == -1 and Bald == -1 and Young == -1 and Eyeglasses == -1 and Bushy_Eyebrows == 1 and Arched_Eyebrows == -1 and Big_Nose == 1 and Pointy_Nose == -1 and No_Beard == -1 and (Brown_Hair == 1 or Black_Hair == 1) and (Blond_Hair == -1 or Grey_Hair == -1) and  Blurry == - 1
44,Male == -1 and Bald == -1 and Young == -1 and Eyeglasses == 1 and Bushy_Eyebrows == -1 and Arched_Eyebrows == -1 and Big_Nose == -1 and Pointy_Nose == -1 and Mustache == 1 and (Brown_Hair == -1 or Black_Hair == -1) and (Blond_Hair == -1 or Grey_Hair == -1) and  Blurry == - 1
45,Male == -1 and Bald == -1 and Young == -1 and Eyeglasses == 1 and Bushy_Eyebrows == -1 and Arched_Eyebrows == -1 and Big_Nose == -1 and Pointy_Nose == -1 and Mustache == 1 and (Brown_Hair == -1 or Black_Hair == -1) and (Blond_Hair == 1 or Grey_Hair == 1) and  Blurry == - 1
46,Male == -1 and Bald == -1 and Young == -1 and Eyeglasses == 1 and Bushy_Eyebrows == -1 and Arched_Eyebrows == -1 and Big_Nose == -1 and Pointy_Nose == -1 and Mustache == 1 and (Brown_Hair == 1 or Black_Hair == 1) and (Blond_Hair == -1 or Grey_Hair == -1) and  Blurry == - 1
47,Male == -1 and Bald == -1 and Young == -1 and Eyeglasses == 1 and Bushy_Eyebrows == -1 and Arched_Eyebrows == -1 and Big_Nose == -1 and Pointy_Nose == -1 and No_Beard == -1 and (Brown_Hair == -1 or Black_Hair == -1) and (Blond_Hair == 1 or Grey_Hair == 1) and  Blurry == - 1
48,Male == -1 and Bald == -1 and Young == -1 and Eyeglasses == 1 and Bushy_Eyebrows == -1 and Arched_Eyebrows == -1 and Big_Nose == -1 and Pointy_Nose == -1 and No_Beard == -1 and (Brown_Hair == 1 or Black_Hair == 1) and (Blond_Hair == -1 or Grey_Hair == -1) and  Blurry == - 1
49,Male == -1 and Bald == -1 and Young == -1 and Eyeglasses == 1 and Bushy_Eyebrows == -1 and Arched_Eyebrows == -1 and Big_Nose == -1 and Pointy_Nose == 1 and Mustache == 1 and (Brown_Hair == -1 or Black_Hair == -1) and (Blond_Hair == -1 or Grey_Hair == -1) and  Blurry == - 1
50,Male == -1 and Bald == -1 and Young == -1 and Eyeglasses == 1 and Bushy_Eyebrows == -1 and Arched_Eyebrows == -1 and Big_Nose == -1 and Pointy_Nose == 1 and Mustache == 1 and (Brown_Hair == -1 or Black_Hair == -1) and (Blond_Hair == 1 or Grey_Hair == 1) and  Blurry == - 1
51,Male == -1 and Bald == -1 and Young == -1 and Eyeglasses == 1 and Bushy_Eyebrows == -1 and Arched_Eyebrows == -1 and Big_Nose == -1 and Pointy_Nose == 1 and Mustache == 1 and (Brown_Hair == 1 or Black_Hair == 1) and (Blond_Hair == -1 or Grey_Hair == -1) and  Blurry == - 1
52,Male == -1 and Bald == -1 and Young == -1 and Eyeglasses == 1 and Bushy_Eyebrows == -1 and Arched_Eyebrows == -1 and Big_Nose == -1 and Pointy_Nose == 1 and No_Beard == -1 and (Brown_Hair == -1 or Black_Hair == -1) and (Blond_Hair == -1 or Grey_Hair == -1) and  Blurry == - 1
53,Male == -1 and Bald == -1 and Young == -1 and Eyeglasses == 1 and Bushy_Eyebrows == -1 and Arched_Eyebrows == -1 and Big_Nose == -1 and Pointy_Nose == 1 and No_Beard == -1 and (Brown_Hair == -1 or Black_Hair == -1) and (Blond_Hair == 1 or Grey_Hair == 1) and  Blurry == - 1
54,Male == -1 and Bald == -1 and Young == -1 and Eyeglasses == 1 and Bushy_Eyebrows == -1 and Arched_Eyebrows == -1 and Big_Nose == -1 and Pointy_Nose == 1 and No_Beard == -1 and (Brown_Hair == 1 or Black_Hair == 1) and (Blond_Hair == -1 or Grey_Hair == -1) and  Blurry == - 1
55,Male == -1 and Bald == -1 and Young == -1 and Eyeglasses == 1 and Bushy_Eyebrows == -1 and Arched_Eyebrows == -1 and Big_Nose == 1 and Pointy_Nose == -1 and Mustache == 1 and (Brown_Hair == -1 or Black_Hair == -1) and (Blond_Hair == 1 or Grey_Hair == 1) and  Blurry == - 1
56,Male == -1 and Bald == -1 and Young == -1 and Eyeglasses == 1 and Bushy_Eyebrows == -1 and Arched_Eyebrows == -1 and Big_Nose == 1 and Pointy_Nose == -1 and Mustache == 1 and (Brown_Hair == 1 or Black_Hair == 1) and (Blond_Hair == -1 or Grey_Hair == -1) and  Blurry == - 1
57,Male == -1 and Bald == -1 and Young == -1 and Eyeglasses == 1 and Bushy_Eyebrows == -1 and Arched_Eyebrows == -1 and Big_Nose == 1 and Pointy_Nose == -1 and No_Beard == -1 and (Brown_Hair == -1 or Black_Hair == -1) and (Blond_Hair == 1 or Grey_Hair == 1) and  Blurry == - 1
58,Male == -1 and Bald == -1 and Young == -1 and Eyeglasses == 1 and Bushy_Eyebrows == -1 and Arched_Eyebrows == -1 and Big_Nose == 1 and Pointy_Nose == -1 and No_Beard == -1 and (Brown_Hair == 1 or Black_Hair == 1) and (Blond_Hair == -1 or Grey_Hair == -1) and  Blurry == - 1
59,Male == -1 and Bald == -1 and Young == -1 and Eyeglasses == 1 and Bushy_Eyebrows == -1 and Arched_Eyebrows == 1 and Big_Nose == -1 and Pointy_Nose == -1 and Mustache == 1 and (Brown_Hair == -1 or Black_Hair == -1) and (Blond_Hair == -1 or Grey_Hair == -1) and  Blurry == - 1
60,Male == -1 and Bald == -1 and Young == -1 and Eyeglasses == 1 and Bushy_Eyebrows == -1 and Arched_Eyebrows == 1 and Big_Nose == -1 and Pointy_Nose == -1 and Mustache == 1 and (Brown_Hair == -1 or Black_Hair == -1) and (Blond_Hair == 1 or Grey_Hair == 1) and  Blurry == - 1
61,Male == -1 and Bald == -1 and Young == -1 and Eyeglasses == 1 and Bushy_Eyebrows == -1 and Arched_Eyebrows == 1 and Big_Nose == -1 and Pointy_Nose == -1 and Mustache == 1 and (Brown_Hair == 1 or Black_Hair == 1) and (Blond_Hair == -1 or Grey_Hair == -1) and  Blurry == - 1
62,Male == -1 and Bald == -1 and Young == -1 and Eyeglasses == 1 and Bushy_Eyebrows == -1 and Arched_Eyebrows == 1 and Big_Nose == -1 and Pointy_Nose == -1 and No_Beard == -1 and (Brown_Hair == -1 or Black_Hair == -1) and (Blond_Hair == -1 or Grey_Hair == -1) and  Blurry == - 1
63,Male == -1 and Bald == -1 and Young == -1 and Eyeglasses == 1 and Bushy_Eyebrows == -1 and Arched_Eyebrows == 1 and Big_Nose == -1 and Pointy_Nose == -1 and No_Beard == -1 and (Brown_Hair == -1 or Black_Hair == -1) and (Blond_Hair == 1 or Grey_Hair == 1) and  Blurry == - 1
64,Male == -1 and Bald == -1 and Young == -1 and Eyeglasses == 1 and Bushy_Eyebrows == -1 and Arched_Eyebrows == 1 and Big_Nose == -1 and Pointy_Nose == -1 and No_Beard == -1 and (Brown_Hair == 1 or Black_Hair == 1) and (Blond_Hair == -1 or Grey_Hair == -1) and  Blurry == - 1
65,Male == -1 and Bald == -1 and Young == -1 and Eyeglasses == 1 and Bushy_Eyebrows == -1 and Arched_Eyebrows == 1 and Big_Nose == -1 and Pointy_Nose == 1 and Mustache == 1 and (Brown_Hair == -1 or Black_Hair == -1) and (Blond_Hair == -1 or Grey_Hair == -1) and  Blurry == - 1
66,Male == -1 and Bald == -1 and Young == -1 and Eyeglasses == 1 and Bushy_Eyebrows == -1 and Arched_Eyebrows == 1 and Big_Nose == -1 and Pointy_Nose == 1 and Mustache == 1 and (Brown_Hair == -1 or Black_Hair == -1) and (Blond_Hair == 1 or Grey_Hair == 1) and  Blurry == - 1
67,Male == -1 and Bald == -1 and Young == -1 and Eyeglasses == 1 and Bushy_Eyebrows == -1 and Arched_Eyebrows == 1 and Big_Nose == -1 and Pointy_Nose == 1 and Mustache == 1 and (Brown_Hair == 1 or Black_Hair == 1) and (Blond_Hair == -1 or Grey_Hair == -1) and  Blurry == - 1
68,Male == -1 and Bald == -1 and Young == -1 and Eyeglasses == 1 and Bushy_Eyebrows == -1 and Arched_Eyebrows == 1 and Big_Nose == -1 and Pointy_Nose == 1 and No_Beard == -1 and (Brown_Hair == -1 or Black_Hair == -1) and (Blond_Hair == -1 or Grey_Hair == -1) and  Blurry == - 1
69,Male == -1 and Bald == -1 and Young == -1 and Eyeglasses == 1 and Bushy_Eyebrows == -1 and Arched_Eyebrows == 1 and Big_Nose == -1 and Pointy_Nose == 1 and No_Beard == -1 and (Brown_Hair == -1 or Black_Hair == -1) and (Blond_Hair == 1 or Grey_Hair == 1) and  Blurry == - 1
70,Male == -1 and Bald == -1 and Young == -1 and Eyeglasses == 1 and Bushy_Eyebrows == -1 and Arched_Eyebrows == 1 and Big_Nose == -1 and Pointy_Nose == 1 and No_Beard == -1 and (Brown_Hair == 1 or Black_Hair == 1) and (Blond_Hair == -1 or Grey_Hair == -1) and  Blurry == - 1
71,Male == -1 and Bald == -1 and Young == -1 and Eyeglasses == 1 and Bushy_Eyebrows == -1 and Arched_Eyebrows == 1 and Big_Nose == 1 and Pointy_Nose == -1 and Mustache == 1 and (Brown_Hair == -1 or Black_Hair == -1) and (Blond_Hair == -1 or Grey_Hair == -1) and  Blurry == - 1
72,Male == -1 and Bald == -1 and Young == -1 and Eyeglasses == 1 and Bushy_Eyebrows == -1 and Arched_Eyebrows == 1 and Big_Nose == 1 and Pointy_Nose == -1 and Mustache == 1 and (Brown_Hair == -1 or Black_Hair == -1) and (Blond_Hair == 1 or Grey_Hair == 1) and  Blurry == - 1
73,Male == -1 and Bald == -1 and Young == -1 and Eyeglasses == 1 and Bushy_Eyebrows == -1 and Arched_Eyebrows == 1 and Big_Nose == 1 and Pointy_Nose == -1 and Mustache == 1 and (Brown_Hair == 1 or Black_Hair == 1) and (Blond_Hair == -1 or Grey_Hair == -1) and  Blurry == - 1
74,Male == -1 and Bald == -1 and Young == -1 and Eyeglasses == 1 and Bushy_Eyebrows == -1 and Arched_Eyebrows == 1 and Big_Nose == 1 and Pointy_Nose == -1 and No_Beard == -1 and (Brown_Hair == -1 or Black_Hair == -1) and (Blond_Hair == -1 or Grey_Hair == -1) and  Blurry == - 1
75,Male == -1 and Bald == -1 and Young == -1 and Eyeglasses == 1 and Bushy_Eyebrows == -1 and Arched_Eyebrows == 1 and Big_Nose == 1 and Pointy_Nose == -1 and No_Beard == -1 and (Brown_Hair == -1 or Black_Hair == -1) and (Blond_Hair == 1 or Grey_Hair == 1) and  Blurry == - 1
76,Male == -1 and Bald == -1 and Young == -1 and Eyeglasses == 1 and Bushy_Eyebrows == -1 and Arched_Eyebrows == 1 and Big_Nose == 1 and Pointy_Nose == -1 and No_Beard == -1 and (Brown_Hair == 1 or Black_Hair == 1) and (Blond_Hair == -1 or Grey_Hair == -1) and  Blurry == - 1
77,Male == -1 and Bald == -1 and Young == -1 and Eyeglasses == 1 and Bushy_Eyebrows == 1 and Arched_Eyebrows == -1 and Big_Nose == -1 and Pointy_Nose == -1 and No_Beard == 1 and Mustache == -1 and (Brown_Hair == -1 or Black_Hair == -1) and (Blond_Hair == -1 or Grey_Hair == -1) and  Blurry == - 1
78,Male == -1 and Bald == -1 and Young == -1 and Eyeglasses == 1 and Bushy_Eyebrows == 1 and Arched_Eyebrows == -1 and Big_Nose == -1 and Pointy_Nose == -1 and No_Beard == 1 and Mustache == -1 and (Brown_Hair == -1 or Black_Hair == -1) and (Blond_Hair == 1 or Grey_Hair == 1) and  Blurry == - 1
79,Male == -1 and Bald == -1 and Young == -1 and Eyeglasses == 1 and Bushy_Eyebrows == 1 and Arched_Eyebrows == -1 and Big_Nose == -1 and Pointy_Nose == -1 and No_Beard == 1 and Mustache == -1 and (Brown_Hair == 1 or Black_Hair == 1) and (Blond_Hair == -1 or Grey_Hair == -1) and  Blurry == - 1
80,Male == -1 and Bald == -1 and Young == -1 and Eyeglasses == 1 and Bushy_Eyebrows == 1 and Arched_Eyebrows == -1 and Big_Nose == -1 and Pointy_Nose == -1 and Mustache == 1 and (Brown_Hair == -1 or Black_Hair == -1) and (Blond_Hair == -1 or Grey_Hair == -1) and  Blurry == - 1
81,Male == -1 and Bald == -1 and Young == -1 and Eyeglasses == 1 and Bushy_Eyebrows == 1 and Arched_Eyebrows == -1 and Big_Nose == -1 and Pointy_Nose == -1 and Mustache == 1 and (Brown_Hair == -1 or Black_Hair == -1) and (Blond_Hair == 1 or Grey_Hair == 1) and  Blurry == - 1
82,Male == -1 and Bald == -1 and Young == -1 and Eyeglasses == 1 and Bushy_Eyebrows == 1 and Arched_Eyebrows == -1 and Big_Nose == -1 and Pointy_Nose == -1 and Mustache == 1 and (Brown_Hair == 1 or Black_Hair == 1) and (Blond_Hair == -1 or Grey_Hair == -1) and  Blurry == - 1
83,Male == -1 and Bald == -1 and Young == -1 and Eyeglasses == 1 and Bushy_Eyebrows == 1 and Arched_Eyebrows == -1 and Big_Nose == -1 and Pointy_Nose == -1 and No_Beard == -1 and (Brown_Hair == -1 or Black_Hair == -1) and (Blond_Hair == -1 or Grey_Hair == -1) and  Blurry == - 1
84,Male == -1 and Bald == -1 and Young == -1 and Eyeglasses == 1 and Bushy_Eyebrows == 1 and Arched_Eyebrows == -1 and Big_Nose == -1 and Pointy_Nose == -1 and No_Beard == -1 and (Brown_Hair == -1 or Black_Hair == -1) and (Blond_Hair == 1 or Grey_Hair == 1) and  Blurry == - 1
85,Male == -1 and Bald == -1 and Young == -1 and Eyeglasses == 1 and Bushy_Eyebrows == 1 and Arched_Eyebrows == -1 and Big_Nose == -1 and Pointy_Nose == -1 and No_Beard == -1 and (Brown_Hair == 1 or Black_Hair == 1) and (Blond_Hair == -1 or Grey_Hair == -1) and  Blurry == - 1
86,Male == -1 and Bald == -1 and Young == -1 and Eyeglasses == 1 and Bushy_Eyebrows == 1 and Arched_Eyebrows == -1 and Big_Nose == -1 and Pointy_Nose == 1 and No_Beard == 1 and Mustache == -1 and (Brown_Hair == -1 or Black_Hair == -1) and (Blond_Hair == -1 or Grey_Hair == -1) and  Blurry == - 1
87,Male == -1 and Bald == -1 and Young == -1 and Eyeglasses == 1 and Bushy_Eyebrows == 1 and Arched_Eyebrows == -1 and Big_Nose == -1 and Pointy_Nose == 1 and No_Beard == 1 and Mustache == -1 and (Brown_Hair == -1 or Black_Hair == -1) and (Blond_Hair == 1 or Grey_Hair == 1) and  Blurry == - 1
88,Male == -1 and Bald == -1 and Young == -1 and Eyeglasses == 1 and Bushy_Eyebrows == 1 and Arched_Eyebrows == -1 and Big_Nose == -1 and Pointy_Nose == 1 and No_Beard == 1 and Mustache == -1 and (Brown_Hair == 1 or Black_Hair == 1) and (Blond_Hair == -1 or Grey_Hair == -1) and  Blurry == - 1
89,Male == -1 and Bald == -1 and Young == -1 and Eyeglasses == 1 and Bushy_Eyebrows == 1 and Arched_Eyebrows == -1 and Big_Nose == -1 and Pointy_Nose == 1 and Mustache == 1 and (Brown_Hair == -1 or Black_Hair == -1) and (Blond_Hair == -1 or Grey_Hair == -1) and  Blurry == - 1
90,Male == -1 and Bald == -1 and Young == -1 and Eyeglasses == 1 and Bushy_Eyebrows == 1 and Arched_Eyebrows == -1 and Big_Nose == -1 and Pointy_Nose == 1 and Mustache == 1 and (Brown_Hair == -1 or Black_Hair == -1) and (Blond_Hair == 1 or Grey_Hair == 1) and  Blurry == - 1
91,Male == -1 and Bald == -1 and Young == -1 and Eyeglasses == 1 and Bushy_Eyebrows == 1 and Arched_Eyebrows == -1 and Big_Nose == -1 and Pointy_Nose == 1 and Mustache == 1 and (Brown_Hair == 1 or Black_Hair == 1) and (Blond_Hair == -1 or Grey_Hair == -1) and  Blurry == - 1
92,Male == -1 and Bald == -1 and Young == -1 and Eyeglasses == 1 and Bushy_Eyebrows == 1 and Arched_Eyebrows == -1 and Big_Nose == -1 and Pointy_Nose == 1 and No_Beard == -1 and (Brown_Hair == -1 or Black_Hair == -1) and (Blond_Hair == -1 or Grey_Hair == -1) and  Blurry == - 1
93,Male == -1 and Bald == -1 and Young == -1 and Eyeglasses == 1 and Bushy_Eyebrows == 1 and Arched_Eyebrows == -1 and Big_Nose == -1 and Pointy_Nose == 1 and No_Beard == -1 and (Brown_Hair == -1 or Black_Hair == -1) and (Blond_Hair == 1 or Grey_Hair == 1) and  Blurry == - 1
94,Male == -1 and Bald == -1 and Young == -1 and Eyeglasses == 1 and Bushy_Eyebrows == 1 and Arched_Eyebrows == -1 and Big_Nose == -1 and Pointy_Nose == 1 and No_Beard == -1 and (Brown_Hair == 1 or Black_Hair == 1) and (Blond_Hair == -1 or Grey_Hair == -1) and  Blurry == - 1
95,Male == -1 and Bald == -1 and Young == -1 and Eyeglasses == 1 and Bushy_Eyebrows == 1 and Arched_Eyebrows == -1 and Big_Nose == 1 and Pointy_Nose == -1 and No_Beard == 1 and Mustache == -1 and (Brown_Hair == -1 or Black_Hair == -1) and (Blond_Hair == -1 or Grey_Hair == -1) and  Blurry == - 1
96,Male == -1 and Bald == -1 and Young == -1 and Eyeglasses == 1 and Bushy_Eyebrows == 1 and Arched_Eyebrows == -1 and Big_Nose == 1 and Pointy_Nose == -1 and No_Beard == 1 and Mustache == -1 and (Brown_Hair == -1 or Black_Hair == -1) and (Blond_Hair == 1 or Grey_Hair == 1) and  Blurry == - 1
97,Male == -1 and Bald == -1 and Young == -1 and Eyeglasses == 1 and Bushy_Eyebrows == 1 and Arched_Eyebrows == -1 and Big_Nose == 1 and Pointy_Nose == -1 and No_Beard == 1 and Mustache == -1 and (Brown_Hair == 1 or Black_Hair == 1) and (Blond_Hair == -1 or Grey_Hair == -1) and  Blurry == - 1
98,Male == -1 and Bald == -1 and Young == -1 and Eyeglasses == 1 and Bushy_Eyebrows == 1 and Arched_Eyebrows == -1 and Big_Nose == 1 and Pointy_Nose == -1 and Mustache == 1 and (Brown_Hair == -1 or Black_Hair == -1) and (Blond_Hair == -1 or Grey_Hair == -1) and  Blurry == - 1
99,Male == -1 and Bald == -1 and Young == -1 and Eyeglasses == 1 and Bushy_Eyebrows == 1 and Arched_Eyebrows == -1 and Big_Nose == 1 and Pointy_Nose == -1 and Mustache == 1 and (Brown_Hair == -1 or Black_Hair == -1) and (Blond_Hair == 1 or Grey_Hair == 1) and  Blurry == - 1
100,Male == -1 and Bald == -1 and Young == -1 and Eyeglasses == 1 and Bushy_Eyebrows == 1 and Arched_Eyebrows == -1 and Big_Nose == 1 and Pointy_Nose == -1 and Mustache == 1 and (Brown_Hair == 1 or Black_Hair == 1) and (Blond_Hair == -1 or Grey_Hair == -1) and  Blurry == - 1
101,Male == -1 and Bald == -1 and Young == -1 and Eyeglasses == 1 and Bushy_Eyebrows == 1 and Arched_Eyebrows == -1 and Big_Nose == 1 and Pointy_Nose == -1 and No_Beard == -1 and (Brown_Hair == -1 or Black_Hair == -1) and (Blond_Hair == -1 or Grey_Hair == -1) and  Blurry == - 1
102,Male == -1 and Bald == -1 and Young == -1 and Eyeglasses == 1 and Bushy_Eyebrows == 1 and Arched_Eyebrows == -1 and Big_Nose == 1 and Pointy_Nose == -1 and No_Beard == -1 and (Brown_Hair == -1 or Black_Hair == -1) and (Blond_Hair == 1 or Grey_Hair == 1) and  Blurry == - 1
103,Male == -1 and Bald == -1 and Young == -1 and Eyeglasses == 1 and Bushy_Eyebrows == 1 and Arched_Eyebrows == -1 and Big_Nose == 1 and Pointy_Nose == -1 and No_Beard == -1 and (Brown_Hair == 1 or Black_Hair == 1) and (Blond_Hair == -1 or Grey_Hair == -1) and  Blurry == - 1
104,Male == -1 and Bald == -1 and Young == 1 and Eyeglasses == -1 and Bushy_Eyebrows == -1 and Arched_Eyebrows == -1 and Big_Nose == -1 and Pointy_Nose == -1 and Mustache == 1 and (Brown_Hair == -1 or Black_Hair == -1) and (Blond_Hair == -1 or Grey_Hair == -1) and  Blurry == - 1
105,Male == -1 and Bald == -1 and Young == 1 and Eyeglasses == -1 and Bushy_Eyebrows == -1 and Arched_Eyebrows == -1 and Big_Nose == -1 and Pointy_Nose == -1 and Mustache == 1 and (Brown_Hair == -1 or Black_Hair == -1) and (Blond_Hair == 1 or Grey_Hair == 1) and  Blurry == - 1
106,Male == -1 and Bald == -1 and Young == 1 and Eyeglasses == -1 and Bushy_Eyebrows == -1 and Arched_Eyebrows == -1 and Big_Nose == -1 and Pointy_Nose == -1 and Mustache == 1 and (Brown_Hair == 1 or Black_Hair == 1) and (Blond_Hair == -1 or Grey_Hair == -1) and  Blurry == - 1
107,Male == -1 and Bald == -1 and Young == 1 and Eyeglasses == -1 and Bushy_Eyebrows == -1 and Arched_Eyebrows == -1 and Big_Nose == -1 and Pointy_Nose == 1 and Mustache == 1 and (Brown_Hair == -1 or Black_Hair == -1) and (Blond_Hair == -1 or Grey_Hair == -1) and  Blurry == - 1
108,Male == -1 and Bald == -1 and Young == 1 and Eyeglasses == -1 and Bushy_Eyebrows == -1 and Arched_Eyebrows == -1 and Big_Nose == -1 and Pointy_Nose == 1 and Mustache == 1 and (Brown_Hair == -1 or Black_Hair == -1) and (Blond_Hair == 1 or Grey_Hair == 1) and  Blurry == - 1
109,Male == -1 and Bald == -1 and Young == 1 and Eyeglasses == -1 and Bushy_Eyebrows == -1 and Arched_Eyebrows == -1 and Big_Nose == -1 and Pointy_Nose == 1 and Mustache == 1 and (Brown_Hair == 1 or Black_Hair == 1) and (Blond_Hair == -1 or Grey_Hair == -1) and  Blurry == - 1
110,Male == -1 and Bald == -1 and Young == 1 and Eyeglasses == -1 and Bushy_Eyebrows == -1 and Arched_Eyebrows == -1 and Big_Nose == 1 and Pointy_Nose == -1 and Mustache == 1 and (Brown_Hair == -1 or Black_Hair == -1) and (Blond_Hair == 1 or Grey_Hair == 1) and  Blurry == - 1
111,Male == -1 and Bald == -1 and Young == 1 and Eyeglasses == -1 and Bushy_Eyebrows == -1 and Arched_Eyebrows == 1 and Big_Nose == -1 and Pointy_Nose == -1 and Mustache == 1 and (Brown_Hair == -1 or Black_Hair == -1) and (Blond_Hair == -1 or Grey_Hair == -1) and  Blurry == - 1
112,Male == -1 and Bald == -1 and Young == 1 and Eyeglasses == -1 and Bushy_Eyebrows == -1 and Arched_Eyebrows == 1 and Big_Nose == -1 and Pointy_Nose == -1 and Mustache == 1 and (Brown_Hair == -1 or Black_Hair == -1) and (Blond_Hair == 1 or Grey_Hair == 1) and  Blurry == - 1
113,Male == -1 and Bald == -1 and Young == 1 and Eyeglasses == -1 and Bushy_Eyebrows == -1 and Arched_Eyebrows == 1 and Big_Nose == -1 and Pointy_Nose == -1 and Mustache == 1 and (Brown_Hair == 1 or Black_Hair == 1) and (Blond_Hair == -1 or Grey_Hair == -1) and  Blurry == - 1
114,Male == -1 and Bald == -1 and Young == 1 and Eyeglasses == -1 and Bushy_Eyebrows == -1 and Arched_Eyebrows == 1 and Big_Nose == -1 and Pointy_Nose == -1 and No_Beard == -1 and (Brown_Hair == -1 or Black_Hair == -1) and (Blond_Hair == 1 or Grey_Hair == 1) and  Blurry == - 1
115,Male == -1 and Bald == -1 and Young == 1 and Eyeglasses == -1 and Bushy_Eyebrows == -1 and Arched_Eyebrows == 1 and Big_Nose == -1 and Pointy_Nose == 1 and Mustache == 1 and (Brown_Hair == -1 or Black_Hair == -1) and (Blond_Hair == -1 or Grey_Hair == -1) and  Blurry == - 1
116,Male == -1 and Bald == -1 and Young == 1 and Eyeglasses == -1 and Bushy_Eyebrows == -1 and Arched_Eyebrows == 1 and Big_Nose == -1 and Pointy_Nose == 1 and Mustache == 1 and (Brown_Hair == -1 or Black_Hair == -1) and (Blond_Hair == 1 or Grey_Hair == 1) and  Blurry == - 1
117,Male == -1 and Bald == -1 and Young == 1 and Eyeglasses == -1 and Bushy_Eyebrows == -1 and Arched_Eyebrows == 1 and Big_Nose == -1 and Pointy_Nose == 1 and Mustache == 1 and (Brown_Hair == 1 or Black_Hair == 1) and (Blond_Hair == -1 or Grey_Hair == -1) and  Blurry == - 1
118,Male == -1 and Bald == -1 and Young == 1 and Eyeglasses == -1 and Bushy_Eyebrows == -1 and Arched_Eyebrows == 1 and Big_Nose == 1 and Pointy_Nose == -1 and Mustache == 1 and (Brown_Hair == -1 or Black_Hair == -1) and (Blond_Hair == -1 or Grey_Hair == -1) and  Blurry == - 1
119,Male == -1 and Bald == -1 and Young == 1 and Eyeglasses == -1 and Bushy_Eyebrows == -1 and Arched_Eyebrows == 1 and Big_Nose == 1 and Pointy_Nose == -1 and Mustache == 1 and (Brown_Hair == -1 or Black_Hair == -1) and (Blond_Hair == 1 or Grey_Hair == 1) and  Blurry == - 1
120,Male == -1 and Bald == -1 and Young == 1 and Eyeglasses == -1 and Bushy_Eyebrows == -1 and Arched_Eyebrows == 1 and Big_Nose == 1 and Pointy_Nose == -1 and Mustache == 1 and (Brown_Hair == 1 or Black_Hair == 1) and (Blond_Hair == -1 or Grey_Hair == -1) and  Blurry == - 1
121,Male == -1 and Bald == -1 and Young == 1 and Eyeglasses == -1 and Bushy_Eyebrows == -1 and Arched_Eyebrows == 1 and Big_Nose == 1 and Pointy_Nose == -1 and No_Beard == -1 and (Brown_Hair == -1 or Black_Hair == -1) and (Blond_Hair == 1 or Grey_Hair == 1) and  Blurry == - 1
122,Male == -1 and Bald == -1 and Young == 1 and Eyeglasses == -1 and Bushy_Eyebrows == 1 and Arched_Eyebrows == -1 and Big_Nose == -1 and Pointy_Nose == -1 and Mustache == 1 and (Brown_Hair == -1 or Black_Hair == -1) and (Blond_Hair == -1 or Grey_Hair == -1) and  Blurry == - 1
123,Male == -1 and Bald == -1 and Young == 1 and Eyeglasses == -1 and Bushy_Eyebrows == 1 and Arched_Eyebrows == -1 and Big_Nose == -1 and Pointy_Nose == -1 and Mustache == 1 and (Brown_Hair == -1 or Black_Hair == -1) and (Blond_Hair == 1 or Grey_Hair == 1) and  Blurry == - 1
124,Male == -1 and Bald == -1 and Young == 1 and Eyeglasses == -1 and Bushy_Eyebrows == 1 and Arched_Eyebrows == -1 and Big_Nose == -1 and Pointy_Nose == -1 and Mustache == 1 and (Brown_Hair == 1 or Black_Hair == 1) and (Blond_Hair == -1 or Grey_Hair == -1) and  Blurry == - 1
125,Male == -1 and Bald == -1 and Young == 1 and Eyeglasses == -1 and Bushy_Eyebrows == 1 and Arched_Eyebrows == -1 and Big_Nose == -1 and Pointy_Nose == -1 and No_Beard == -1 and (Brown_Hair == -1 or Black_Hair == -1) and (Blond_Hair == 1 or Grey_Hair == 1) and  Blurry == - 1
126,Male == -1 and Bald == -1 and Young == 1 and Eyeglasses == -1 and Bushy_Eyebrows == 1 and Arched_Eyebrows == -1 and Big_Nose == -1 and Pointy_Nose == 1 and Mustache == 1 and (Brown_Hair == -1 or Black_Hair == -1) and (Blond_Hair == -1 or Grey_Hair == -1) and  Blurry == - 1
127,Male == -1 and Bald == -1 and Young == 1 and Eyeglasses == -1 and Bushy_Eyebrows == 1 and Arched_Eyebrows == -1 and Big_Nose == -1 and Pointy_Nose == 1 and Mustache == 1 and (Brown_Hair == -1 or Black_Hair == -1) and (Blond_Hair == 1 or Grey_Hair == 1) and  Blurry == - 1
128,Male == -1 and Bald == -1 and Young == 1 and Eyeglasses == -1 and Bushy_Eyebrows == 1 and Arched_Eyebrows == -1 and Big_Nose == -1 and Pointy_Nose == 1 and Mustache == 1 and (Brown_Hair == 1 or Black_Hair == 1) and (Blond_Hair == -1 or Grey_Hair == -1) and  Blurry == - 1
129,Male == -1 and Bald == -1 and Young == 1 and Eyeglasses == -1 and Bushy_Eyebrows == 1 and Arched_Eyebrows == -1 and Big_Nose == -1 and Pointy_Nose == 1 and No_Beard == -1 and (Brown_Hair == -1 or Black_Hair == -1) and (Blond_Hair == 1 or Grey_Hair == 1) and  Blurry == - 1
130,Male == -1 and Bald == -1 and Young == 1 and Eyeglasses == -1 and Bushy_Eyebrows == 1 and Arched_Eyebrows == -1 and Big_Nose == 1 and Pointy_Nose == -1 and Mustache == 1 and (Brown_Hair == -1 or Black_Hair == -1) and (Blond_Hair == -1 or Grey_Hair == -1) and  Blurry == - 1
131,Male == -1 and Bald == -1 and Young == 1 and Eyeglasses == -1 and Bushy_Eyebrows == 1 and Arched_Eyebrows == -1 and Big_Nose == 1 and Pointy_Nose == -1 and Mustache == 1 and (Brown_Hair == -1 or Black_Hair == -1) and (Blond_Hair == 1 or Grey_Hair == 1) and  Blurry == - 1
132,Male == -1 and Bald == -1 and Young == 1 and Eyeglasses == -1 and Bushy_Eyebrows == 1 and Arched_Eyebrows == -1 and Big_Nose == 1 and Pointy_Nose == -1 and Mustache == 1 and (Brown_Hair == 1 or Black_Hair == 1) and (Blond_Hair == -1 or Grey_Hair == -1) and  Blurry == - 1
133,Male == -1 and Bald == -1 and Young == 1 and Eyeglasses == -1 and Bushy_Eyebrows == 1 and Arched_Eyebrows == -1 and Big_Nose == 1 and Pointy_Nose == -1 and No_Beard == -1 and (Brown_Hair == 1 or Black_Hair == 1) and (Blond_Hair == -1 or Grey_Hair == -1) and  Blurry == - 1
134,Male == -1 and Bald == -1 and Young == 1 and Eyeglasses == 1 and Bushy_Eyebrows == -1 and Arched_Eyebrows == -1 and Big_Nose == -1 and Pointy_Nose == -1 and Mustache == 1 and (Brown_Hair == -1 or Black_Hair == -1) and (Blond_Hair == -1 or Grey_Hair == -1) and  Blurry == - 1
135,Male == -1 and Bald == -1 and Young == 1 and Eyeglasses == 1 and Bushy_Eyebrows == -1 and Arched_Eyebrows == -1 and Big_Nose == -1 and Pointy_Nose == -1 and Mustache == 1 and (Brown_Hair == -1 or Black_Hair == -1) and (Blond_Hair == 1 or Grey_Hair == 1) and  Blurry == - 1
136,Male == -1 and Bald == -1 and Young == 1 and Eyeglasses == 1 and Bushy_Eyebrows == -1 and Arched_Eyebrows == -1 and Big_Nose == -1 and Pointy_Nose == -1 and Mustache == 1 and (Brown_Hair == 1 or Black_Hair == 1) and (Blond_Hair == -1 or Grey_Hair == -1) and  Blurry == - 1
137,Male == -1 and Bald == -1 and Young == 1 and Eyeglasses == 1 and Bushy_Eyebrows == -1 and Arched_Eyebrows == -1 and Big_Nose == -1 and Pointy_Nose == -1 and No_Beard == -1 and (Brown_Hair == -1 or Black_Hair == -1) and (Blond_Hair == 1 or Grey_Hair == 1) and  Blurry == - 1
138,Male == -1 and Bald == -1 and Young == 1 and Eyeglasses == 1 and Bushy_Eyebrows == -1 and Arched_Eyebrows == -1 and Big_Nose == -1 and Pointy_Nose == -1 and No_Beard == -1 and (Brown_Hair == 1 or Black_Hair == 1) and (Blond_Hair == -1 or Grey_Hair == -1) and  Blurry == - 1
139,Male == -1 and Bald == -1 and Young == 1 and Eyeglasses == 1 and Bushy_Eyebrows == -1 and Arched_Eyebrows == -1 and Big_Nose == -1 and Pointy_Nose == 1 and Mustache == 1 and (Brown_Hair == -1 or Black_Hair == -1) and (Blond_Hair == -1 or Grey_Hair == -1) and  Blurry == - 1
140,Male == -1 and Bald == -1 and Young == 1 and Eyeglasses == 1 and Bushy_Eyebrows == -1 and Arched_Eyebrows == -1 and Big_Nose == -1 and Pointy_Nose == 1 and Mustache == 1 and (Brown_Hair == -1 or Black_Hair == -1) and (Blond_Hair == 1 or Grey_Hair == 1) and  Blurry == - 1
141,Male == -1 and Bald == -1 and Young == 1 and Eyeglasses == 1 and Bushy_Eyebrows == -1 and Arched_Eyebrows == -1 and Big_Nose == -1 and Pointy_Nose == 1 and Mustache == 1 and (Brown_Hair == 1 or Black_Hair == 1) and (Blond_Hair == -1 or Grey_Hair == -1) and  Blurry == - 1
142,Male == -1 and Bald == -1 and Young == 1 and Eyeglasses == 1 and Bushy_Eyebrows == -1 and Arched_Eyebrows == -1 and Big_Nose == -1 and Pointy_Nose == 1 and No_Beard == -1 and (Brown_Hair == -1 or Black_Hair == -1) and (Blond_Hair == -1 or Grey_Hair == -1) and  Blurry == - 1
143,Male == -1 and Bald == -1 and Young == 1 and Eyeglasses == 1 and Bushy_Eyebrows == -1 and Arched_Eyebrows == -1 and Big_Nose == -1 and Pointy_Nose == 1 and No_Beard == -1 and (Brown_Hair == -1 or Black_Hair == -1) and (Blond_Hair == 1 or Grey_Hair == 1) and  Blurry == - 1
144,Male == -1 and Bald == -1 and Young == 1 and Eyeglasses == 1 and Bushy_Eyebrows == -1 and Arched_Eyebrows == -1 and Big_Nose == -1 and Pointy_Nose == 1 and No_Beard == -1 and (Brown_Hair == 1 or Black_Hair == 1) and (Blond_Hair == -1 or Grey_Hair == -1) and  Blurry == - 1
145,Male == -1 and Bald == -1 and Young == 1 and Eyeglasses == 1 and Bushy_Eyebrows == -1 and Arched_Eyebrows == -1 and Big_Nose == 1 and Pointy_Nose == -1 and Mustache == 1 and (Brown_Hair == -1 or Black_Hair == -1) and (Blond_Hair == -1 or Grey_Hair == -1) and  Blurry == - 1
146,Male == -1 and Bald == -1 and Young == 1 and Eyeglasses == 1 and Bushy_Eyebrows == -1 and Arched_Eyebrows == -1 and Big_Nose == 1 and Pointy_Nose == -1 and Mustache == 1 and (Brown_Hair == -1 or Black_Hair == -1) and (Blond_Hair == 1 or Grey_Hair == 1) and  Blurry == - 1
147,Male == -1 and Bald == -1 and Young == 1 and Eyeglasses == 1 and Bushy_Eyebrows == -1 and Arched_Eyebrows == -1 and Big_Nose == 1 and Pointy_Nose == -1 and Mustache == 1 and (Brown_Hair == 1 or Black_Hair == 1) and (Blond_Hair == -1 or Grey_Hair == -1) and  Blurry == - 1
148,Male == -1 and Bald == -1 and Young == 1 and Eyeglasses == 1 and Bushy_Eyebrows == -1 and Arched_Eyebrows == -1 and Big_Nose == 1 and Pointy_Nose == -1 and No_Beard == -1 and (Brown_Hair == -1 or Black_Hair == -1) and (Blond_Hair == -1 or Grey_Hair == -1) and  Blurry == - 1
149,Male == -1 and Bald == -1 and Young == 1 and Eyeglasses == 1 and Bushy_Eyebrows == -1 and Arched_Eyebrows == -1 and Big_Nose == 1 and Pointy_Nose == -1 and No_Beard == -1 and (Brown_Hair == -1 or Black_Hair == -1) and (Blond_Hair == 1 or Grey_Hair == 1) and  Blurry == - 1
150,Male == -1 and Bald == -1 and Young == 1 and Eyeglasses == 1 and Bushy_Eyebrows == -1 and Arched_Eyebrows == -1 and Big_Nose == 1 and Pointy_Nose == -1 and No_Beard == -1 and (Brown_Hair == 1 or Black_Hair == 1) and (Blond_Hair == -1 or Grey_Hair == -1) and  Blurry == - 1
151,Male == -1 and Bald == -1 and Young == 1 and Eyeglasses == 1 and Bushy_Eyebrows == -1 and Arched_Eyebrows == 1 and Big_Nose == -1 and Pointy_Nose == -1 and Mustache == 1 and (Brown_Hair == -1 or Black_Hair == -1) and (Blond_Hair == -1 or Grey_Hair == -1) and  Blurry == - 1
152,Male == -1 and Bald == -1 and Young == 1 and Eyeglasses == 1 and Bushy_Eyebrows == -1 and Arched_Eyebrows == 1 and Big_Nose == -1 and Pointy_Nose == -1 and Mustache == 1 and (Brown_Hair == -1 or Black_Hair == -1) and (Blond_Hair == 1 or Grey_Hair == 1) and  Blurry == - 1
153,Male == -1 and Bald == -1 and Young == 1 and Eyeglasses == 1 and Bushy_Eyebrows == -1 and Arched_Eyebrows == 1 and Big_Nose == -1 and Pointy_Nose == -1 and Mustache == 1 and (Brown_Hair == 1 or Black_Hair == 1) and (Blond_Hair == -1 or Grey_Hair == -1) and  Blurry == - 1
154,Male == -1 and Bald == -1 and Young == 1 and Eyeglasses == 1 and Bushy_Eyebrows == -1 and Arched_Eyebrows == 1 and Big_Nose == -1 and Pointy_Nose == -1 and No_Beard == -1 and (Brown_Hair == -1 or Black_Hair == -1) and (Blond_Hair == -1 or Grey_Hair == -1) and  Blurry == - 1
155,Male == -1 and Bald == -1 and Young == 1 and Eyeglasses == 1 and Bushy_Eyebrows == -1 and Arched_Eyebrows == 1 and Big_Nose == -1 and Pointy_Nose == -1 and No_Beard == -1 and (Brown_Hair == -1 or Black_Hair == -1) and (Blond_Hair == 1 or Grey_Hair == 1) and  Blurry == - 1
156,Male == -1 and Bald == -1 and Young == 1 and Eyeglasses == 1 and Bushy_Eyebrows == -1 and Arched_Eyebrows == 1 and Big_Nose == -1 and Pointy_Nose == -1 and No_Beard == -1 and (Brown_Hair == 1 or Black_Hair == 1) and (Blond_Hair == -1 or Grey_Hair == -1) and  Blurry == - 1
157,Male == -1 and Bald == -1 and Young == 1 and Eyeglasses == 1 and Bushy_Eyebrows == -1 and Arched_Eyebrows == 1 and Big_Nose == -1 and Pointy_Nose == 1 and Mustache == 1 and (Brown_Hair == -1 or Black_Hair == -1) and (Blond_Hair == -1 or Grey_Hair == -1) and  Blurry == - 1
158,Male == -1 and Bald == -1 and Young == 1 and Eyeglasses == 1 and Bushy_Eyebrows == -1 and Arched_Eyebrows == 1 and Big_Nose == -1 and Pointy_Nose == 1 and Mustache == 1 and (Brown_Hair == -1 or Black_Hair == -1) and (Blond_Hair == 1 or Grey_Hair == 1) and  Blurry == - 1
159,Male == -1 and Bald == -1 and Young == 1 and Eyeglasses == 1 and Bushy_Eyebrows == -1 and Arched_Eyebrows == 1 and Big_Nose == -1 and Pointy_Nose == 1 and Mustache == 1 and (Brown_Hair == 1 or Black_Hair == 1) and (Blond_Hair == -1 or Grey_Hair == -1) and  Blurry == - 1
160,Male == -1 and Bald == -1 and Young == 1 and Eyeglasses == 1 and Bushy_Eyebrows == -1 and Arched_Eyebrows == 1 and Big_Nose == -1 and Pointy_Nose == 1 and No_Beard == -1 and (Brown_Hair == -1 or Black_Hair == -1) and (Blond_Hair == -1 or Grey_Hair == -1) and  Blurry == - 1
161,Male == -1 and Bald == -1 and Young == 1 and Eyeglasses == 1 and Bushy_Eyebrows == -1 and Arched_Eyebrows == 1 and Big_Nose == -1 and Pointy_Nose == 1 and No_Beard == -1 and (Brown_Hair == -1 or Black_Hair == -1) and (Blond_Hair == 1 or Grey_Hair == 1) and  Blurry == - 1
162,Male == -1 and Bald == -1 and Young == 1 and Eyeglasses == 1 and Bushy_Eyebrows == -1 and Arched_Eyebrows == 1 and Big_Nose == -1 and Pointy_Nose == 1 and No_Beard == -1 and (Brown_Hair == 1 or Black_Hair == 1) and (Blond_Hair == -1 or Grey_Hair == -1) and  Blurry == - 1
163,Male == -1 and Bald == -1 and Young == 1 and Eyeglasses == 1 and Bushy_Eyebrows == -1 and Arched_Eyebrows == 1 and Big_Nose == 1 and Pointy_Nose == -1 and No_Beard == 1 and Mustache == -1 and (Brown_Hair == -1 or Black_Hair == -1) and (Blond_Hair == 1 or Grey_Hair == 1) and  Blurry == - 1
164,Male == -1 and Bald == -1 and Young == 1 and Eyeglasses == 1 and Bushy_Eyebrows == -1 and Arched_Eyebrows == 1 and Big_Nose == 1 and Pointy_Nose == -1 and Mustache == 1 and (Brown_Hair == -1 or Black_Hair == -1) and (Blond_Hair == -1 or Grey_Hair == -1) and  Blurry == - 1
165,Male == -1 and Bald == -1 and Young == 1 and Eyeglasses == 1 and Bushy_Eyebrows == -1 and Arched_Eyebrows == 1 and Big_Nose == 1 and Pointy_Nose == -1 and Mustache == 1 and (Brown_Hair == -1 or Black_Hair == -1) and (Blond_Hair == 1 or Grey_Hair == 1) and  Blurry == - 1
166,Male == -1 and Bald == -1 and Young == 1 and Eyeglasses == 1 and Bushy_Eyebrows == -1 and Arched_Eyebrows == 1 and Big_Nose == 1 and Pointy_Nose == -1 and Mustache == 1 and (Brown_Hair == 1 or Black_Hair == 1) and (Blond_Hair == -1 or Grey_Hair == -1) and  Blurry == - 1
167,Male == -1 and Bald == -1 and Young == 1 and Eyeglasses == 1 and Bushy_Eyebrows == -1 and Arched_Eyebrows == 1 and Big_Nose == 1 and Pointy_Nose == -1 and No_Beard == -1 and (Brown_Hair == -1 or Black_Hair == -1) and (Blond_Hair == -1 or Grey_Hair == -1) and  Blurry == - 1
168,Male == -1 and Bald == -1 and Young == 1 and Eyeglasses == 1 and Bushy_Eyebrows == -1 and Arched_Eyebrows == 1 and Big_Nose == 1 and Pointy_Nose == -1 and No_Beard == -1 and (Brown_Hair == -1 or Black_Hair == -1) and (Blond_Hair == 1 or Grey_Hair == 1) and  Blurry == - 1
169,Male == -1 and Bald == -1 and Young == 1 and Eyeglasses == 1 and Bushy_Eyebrows == -1 and Arched_Eyebrows == 1 and Big_Nose == 1 and Pointy_Nose == -1 and No_Beard == -1 and (Brown_Hair == 1 or Black_Hair == 1) and (Blond_Hair == -1 or Grey_Hair == -1) and  Blurry == - 1
170,Male == -1 and Bald == -1 and Young == 1 and Eyeglasses == 1 and Bushy_Eyebrows == 1 and Arched_Eyebrows == -1 and Big_Nose == -1 and Pointy_Nose == -1 and Mustache == 1 and (Brown_Hair == -1 or Black_Hair == -1) and (Blond_Hair == -1 or Grey_Hair == -1) and  Blurry == - 1
171,Male == -1 and Bald == -1 and Young == 1 and Eyeglasses == 1 and Bushy_Eyebrows == 1 and Arched_Eyebrows == -1 and Big_Nose == -1 and Pointy_Nose == -1 and Mustache == 1 and (Brown_Hair == -1 or Black_Hair == -1) and (Blond_Hair == 1 or Grey_Hair == 1) and  Blurry == - 1
172,Male == -1 and Bald == -1 and Young == 1 and Eyeglasses == 1 and Bushy_Eyebrows == 1 and Arched_Eyebrows == -1 and Big_Nose == -1 and Pointy_Nose == -1 and Mustache == 1 and (Brown_Hair == 1 or Black_Hair == 1) and (Blond_Hair == -1 or Grey_Hair == -1) and  Blurry == - 1
173,Male == -1 and Bald == -1 and Young == 1 and Eyeglasses == 1 and Bushy_Eyebrows == 1 and Arched_Eyebrows == -1 and Big_Nose == -1 and Pointy_Nose == -1 and No_Beard == -1 and (Brown_Hair == -1 or Black_Hair == -1) and (Blond_Hair == -1 or Grey_Hair == -1) and  Blurry == - 1
174,Male == -1 and Bald == -1 and Young == 1 and Eyeglasses == 1 and Bushy_Eyebrows == 1 and Arched_Eyebrows == -1 and Big_Nose == -1 and Pointy_Nose == -1 and No_Beard == -1 and (Brown_Hair == -1 or Black_Hair == -1) and (Blond_Hair == 1 or Grey_Hair == 1) and  Blurry == - 1
175,Male == -1 and Bald == -1 and Young == 1 and Eyeglasses == 1 and Bushy_Eyebrows == 1 and Arched_Eyebrows == -1 and Big_Nose == -1 and Pointy_Nose == -1 and No_Beard == -1 and (Brown_Hair == 1 or Black_Hair == 1) and (Blond_Hair == -1 or Grey_Hair == -1) and  Blurry == - 1
176,Male == -1 and Bald == -1 and Young == 1 and Eyeglasses == 1 and Bushy_Eyebrows == 1 and Arched_Eyebrows == -1 and Big_Nose == -1 and Pointy_Nose == 1 and Mustache == 1 and (Brown_Hair == -1 or Black_Hair == -1) and (Blond_Hair == -1 or Grey_Hair == -1) and  Blurry == - 1
177,Male == -1 and Bald == -1 and Young == 1 and Eyeglasses == 1 and Bushy_Eyebrows == 1 and Arched_Eyebrows == -1 and Big_Nose == -1 and Pointy_Nose == 1 and Mustache == 1 and (Brown_Hair == -1 or Black_Hair == -1) and (Blond_Hair == 1 or Grey_Hair == 1) and  Blurry == - 1
178,Male == -1 and Bald == -1 and Young == 1 and Eyeglasses == 1 and Bushy_Eyebrows == 1 and Arched_Eyebrows == -1 and Big_Nose == -1 and Pointy_Nose == 1 and Mustache == 1 and (Brown_Hair == 1 or Black_Hair == 1) and (Blond_Hair == -1 or Grey_Hair == -1) and  Blurry == - 1
179,Male == -1 and Bald == -1 and Young == 1 and Eyeglasses == 1 and Bushy_Eyebrows == 1 and Arched_Eyebrows == -1 and Big_Nose == -1 and Pointy_Nose == 1 and No_Beard == -1 and (Brown_Hair == -1 or Black_Hair == -1) and (Blond_Hair == -1 or Grey_Hair == -1) and  Blurry == - 1
180,Male == -1 and Bald == -1 and Young == 1 and Eyeglasses == 1 and Bushy_Eyebrows == 1 and Arched_Eyebrows == -1 and Big_Nose == -1 and Pointy_Nose == 1 and No_Beard == -1 and (Brown_Hair == -1 or Black_Hair == -1) and (Blond_Hair == 1 or Grey_Hair == 1) and  Blurry == - 1
181,Male == -1 and Bald == -1 and Young == 1 and Eyeglasses == 1 and Bushy_Eyebrows == 1 and Arched_Eyebrows == -1 and Big_Nose == -1 and Pointy_Nose == 1 and No_Beard == -1 and (Brown_Hair == 1 or Black_Hair == 1) and (Blond_Hair == -1 or Grey_Hair == -1) and  Blurry == - 1
182,Male == -1 and Bald == -1 and Young == 1 and Eyeglasses == 1 and Bushy_Eyebrows == 1 and Arched_Eyebrows == -1 and Big_Nose == 1 and Pointy_Nose == -1 and No_Beard == 1 and Mustache == -1 and (Brown_Hair == -1 or Black_Hair == -1) and (Blond_Hair == -1 or Grey_Hair == -1) and  Blurry == - 1
183,Male == -1 and Bald == -1 and Young == 1 and Eyeglasses == 1 and Bushy_Eyebrows == 1 and Arched_Eyebrows == -1 and Big_Nose == 1 and Pointy_Nose == -1 and No_Beard == 1 and Mustache == -1 and (Brown_Hair == -1 or Black_Hair == -1) and (Blond_Hair == 1 or Grey_Hair == 1) and  Blurry == - 1
184,Male == -1 and Bald == -1 and Young == 1 and Eyeglasses == 1 and Bushy_Eyebrows == 1 and Arched_Eyebrows == -1 and Big_Nose == 1 and Pointy_Nose == -1 and No_Beard == 1 and Mustache == -1 and (Brown_Hair == 1 or Black_Hair == 1) and (Blond_Hair == -1 or Grey_Hair == -1) and  Blurry == - 1
185,Male == -1 and Bald == -1 and Young == 1 and Eyeglasses == 1 and Bushy_Eyebrows == 1 and Arched_Eyebrows == -1 and Big_Nose == 1 and Pointy_Nose == -1 and Mustache == 1 and (Brown_Hair == -1 or Black_Hair == -1) and (Blond_Hair == -1 or Grey_Hair == -1) and  Blurry == - 1
186,Male == -1 and Bald == -1 and Young == 1 and Eyeglasses == 1 and Bushy_Eyebrows == 1 and Arched_Eyebrows == -1 and Big_Nose == 1 and Pointy_Nose == -1 and Mustache == 1 and (Brown_Hair == -1 or Black_Hair == -1) and (Blond_Hair == 1 or Grey_Hair == 1) and  Blurry == - 1
187,Male == -1 and Bald == -1 and Young == 1 and Eyeglasses == 1 and Bushy_Eyebrows == 1 and Arched_Eyebrows == -1 and Big_Nose == 1 and Pointy_Nose == -1 and Mustache == 1 and (Brown_Hair == 1 or Black_Hair == 1) and (Blond_Hair == -1 or Grey_Hair == -1) and  Blurry == - 1
188,Male == -1 and Bald == -1 and Young == 1 and Eyeglasses == 1 and Bushy_Eyebrows == 1 and Arched_Eyebrows == -1 and Big_Nose == 1 and Pointy_Nose == -1 and No_Beard == -1 and (Brown_Hair == -1 or Black_Hair == -1) and (Blond_Hair == -1 or Grey_Hair == -1) and  Blurry == - 1
189,Male == -1 and Bald == -1 and Young == 1 and Eyeglasses == 1 and Bushy_Eyebrows == 1 and Arched_Eyebrows == -1 and Big_Nose == 1 and Pointy_Nose == -1 and No_Beard == -1 and (Brown_Hair == -1 or Black_Hair == -1) and (Blond_Hair == 1 or Grey_Hair == 1) and  Blurry == - 1
190,Male == -1 and Bald == -1 and Young == 1 and Eyeglasses == 1 and Bushy_Eyebrows == 1 and Arched_Eyebrows == -1 and Big_Nose == 1 and Pointy_Nose == -1 and No_Beard == -1 and (Brown_Hair == 1 or Black_Hair == 1) and (Blond_Hair == -1 or Grey_Hair == -1) and  Blurry == - 1
191,Male == -1 and Bald == 1 and Young == -1 and Eyeglasses == -1 and Bushy_Eyebrows == -1 and Arched_Eyebrows == -1 and Big_Nose == -1 and Pointy_Nose == -1 and Mustache == 1 and  Blurry == - 1
192,Male == -1 and Bald == 1 and Young == -1 and Eyeglasses == -1 and Bushy_Eyebrows == -1 and Arched_Eyebrows == -1 and Big_Nose == -1 and Pointy_Nose == -1 and No_Beard == -1 and  Blurry == - 1
193,Male == -1 and Bald == 1 and Young == -1 and Eyeglasses == -1 and Bushy_Eyebrows == -1 and Arched_Eyebrows == -1 and Big_Nose == -1 and Pointy_Nose == 1 and No_Beard == 1 and Mustache == -1 and  Blurry == - 1
194,Male == -1 and Bald == 1 and Young == -1 and Eyeglasses == -1 and Bushy_Eyebrows == -1 and Arched_Eyebrows == -1 and Big_Nose == -1 and Pointy_Nose == 1 and Mustache == 1 and  Blurry == - 1
195,Male == -1 and Bald == 1 and Young == -1 and Eyeglasses == -1 and Bushy_Eyebrows == -1 and Arched_Eyebrows == -1 and Big_Nose == -1 and Pointy_Nose == 1 and No_Beard == -1 and  Blurry == - 1
196,Male == -1 and Bald == 1 and Young == -1 and Eyeglasses == -1 and Bushy_Eyebrows == -1 and Arched_Eyebrows == -1 and Big_Nose == 1 and Pointy_Nose == -1 and No_Beard == 1 and Mustache == -1 and  Blurry == - 1
197,Male == -1 and Bald == 1 and Young == -1 and Eyeglasses == -1 and Bushy_Eyebrows == -1 and Arched_Eyebrows == -1 and Big_Nose == 1 and Pointy_Nose == -1 and Mustache == 1 and  Blurry == - 1
198,Male == -1 and Bald == 1 and Young == -1 and Eyeglasses == -1 and Bushy_Eyebrows == -1 and Arched_Eyebrows == -1 and Big_Nose == 1 and Pointy_Nose == -1 and No_Beard == -1 and  Blurry == - 1
199,Male == -1 and Bald == 1 and Young == -1 and Eyeglasses == -1 and Bushy_Eyebrows == -1 and Arched_Eyebrows == 1 and Big_Nose == -1 and Pointy_Nose == -1 and No_Beard == 1 and Mustache == -1 and  Blurry == - 1
200,Male == -1 and Bald == 1 and Young == -1 and Eyeglasses == -1 and Bushy_Eyebrows == -1 and Arched_Eyebrows == 1 and Big_Nose == -1 and Pointy_Nose == -1 and Mustache == 1 and  Blurry == - 1
201,Male == -1 and Bald == 1 and Young == -1 and Eyeglasses == -1 and Bushy_Eyebrows == -1 and Arched_Eyebrows == 1 and Big_Nose == -1 and Pointy_Nose == -1 and No_Beard == -1 and  Blurry == - 1
202,Male == -1 and Bald == 1 and Young == -1 and Eyeglasses == -1 and Bushy_Eyebrows == -1 and Arched_Eyebrows == 1 and Big_Nose == -1 and Pointy_Nose == 1 and No_Beard == 1 and Mustache == -1 and  Blurry == - 1
203,Male == -1 and Bald == 1 and Young == -1 and Eyeglasses == -1 and Bushy_Eyebrows == -1 and Arched_Eyebrows == 1 and Big_Nose == -1 and Pointy_Nose == 1 and Mustache == 1 and  Blurry == - 1
204,Male == -1 and Bald == 1 and Young == -1 and Eyeglasses == -1 and Bushy_Eyebrows == -1 and Arched_Eyebrows == 1 and Big_Nose == -1 and Pointy_Nose == 1 and No_Beard == -1 and  Blurry == - 1
205,Male == -1 and Bald == 1 and Young == -1 and Eyeglasses == -1 and Bushy_Eyebrows == -1 and Arched_Eyebrows == 1 and Big_Nose == 1 and Pointy_Nose == -1 and No_Beard == 1 and Mustache == -1 and  Blurry == - 1
206,Male == -1 and Bald == 1 and Young == -1 and Eyeglasses == -1 and Bushy_Eyebrows == -1 and Arched_Eyebrows == 1 and Big_Nose == 1 and Pointy_Nose == -1 and Mustache == 1 and  Blurry == - 1
207,Male == -1 and Bald == 1 and Young == -1 and Eyeglasses == -1 and Bushy_Eyebrows == -1 and Arched_Eyebrows == 1 and Big_Nose == 1 and Pointy_Nose == -1 and No_Beard == -1 and  Blurry == - 1
208,Male == -1 and Bald == 1 and Young == -1 and Eyeglasses == -1 and Bushy_Eyebrows == 1 and Arched_Eyebrows == -1 and Big_Nose == -1 and Pointy_Nose == -1 and No_Beard == 1 and Mustache == -1 and  Blurry == - 1
209,Male == -1 and Bald == 1 and Young == -1 and Eyeglasses == -1 and Bushy_Eyebrows == 1 and Arched_Eyebrows == -1 and Big_Nose == -1 and Pointy_Nose == -1 and Mustache == 1 and  Blurry == - 1
210,Male == -1 and Bald == 1 and Young == -1 and Eyeglasses == -1 and Bushy_Eyebrows == 1 and Arched_Eyebrows == -1 and Big_Nose == -1 and Pointy_Nose == -1 and No_Beard == -1 and  Blurry == - 1
211,Male == -1 and Bald == 1 and Young == -1 and Eyeglasses == -1 and Bushy_Eyebrows == 1 and Arched_Eyebrows == -1 and Big_Nose == -1 and Pointy_Nose == 1 and No_Beard == 1 and Mustache == -1 and  Blurry == - 1
212,Male == -1 and Bald == 1 and Young == -1 and Eyeglasses == -1 and Bushy_Eyebrows == 1 and Arched_Eyebrows == -1 and Big_Nose == -1 and Pointy_Nose == 1 and Mustache == 1 and  Blurry == - 1
213,Male == -1 and Bald == 1 and Young == -1 and Eyeglasses == -1 and Bushy_Eyebrows == 1 and Arched_Eyebrows == -1 and Big_Nose == -1 and Pointy_Nose == 1 and No_Beard == -1 and  Blurry == - 1
214,Male == -1 and Bald == 1 and Young == -1 and Eyeglasses == -1 and Bushy_Eyebrows == 1 and Arched_Eyebrows == -1 and Big_Nose == 1 and Pointy_Nose == -1 and No_Beard == 1 and Mustache == -1 and  Blurry == - 1
215,Male == -1 and Bald == 1 and Young == -1 and Eyeglasses == -1 and Bushy_Eyebrows == 1 and Arched_Eyebrows == -1 and Big_Nose == 1 and Pointy_Nose == -1 and Mustache == 1 and  Blurry == - 1
216,Male == -1 and Bald == 1 and Young == -1 and Eyeglasses == -1 and Bushy_Eyebrows == 1 and Arched_Eyebrows == -1 and Big_Nose == 1 and Pointy_Nose == -1 and No_Beard == -1 and  Blurry == - 1
217,Male == -1 and Bald == 1 and Young == -1 and Eyeglasses == 1 and Bushy_Eyebrows == -1 and Arched_Eyebrows == -1 and Big_Nose == -1 and Pointy_Nose == -1 and No_Beard == 1 and Mustache == -1 and  Blurry == - 1
218,Male == -1 and Bald == 1 and Young == -1 and Eyeglasses == 1 and Bushy_Eyebrows == -1 and Arched_Eyebrows == -1 and Big_Nose == -1 and Pointy_Nose == -1 and Mustache == 1 and  Blurry == - 1
219,Male == -1 and Bald == 1 and Young == -1 and Eyeglasses == 1 and Bushy_Eyebrows == -1 and Arched_Eyebrows == -1 and Big_Nose == -1 and Pointy_Nose == -1 and No_Beard == -1 and  Blurry == - 1
220,Male == -1 and Bald == 1 and Young == -1 and Eyeglasses == 1 and Bushy_Eyebrows == -1 and Arched_Eyebrows == -1 and Big_Nose == -1 and Pointy_Nose == 1 and No_Beard == 1 and Mustache == -1 and  Blurry == - 1
221,Male == -1 and Bald == 1 and Young == -1 and Eyeglasses == 1 and Bushy_Eyebrows == -1 and Arched_Eyebrows == -1 and Big_Nose == -1 and Pointy_Nose == 1 and Mustache == 1 and  Blurry == - 1
222,Male == -1 and Bald == 1 and Young == -1 and Eyeglasses == 1 and Bushy_Eyebrows == -1 and Arched_Eyebrows == -1 and Big_Nose == -1 and Pointy_Nose == 1 and No_Beard == -1 and  Blurry == - 1
223,Male == -1 and Bald == 1 and Young == -1 and Eyeglasses == 1 and Bushy_Eyebrows == -1 and Arched_Eyebrows == -1 and Big_Nose == 1 and Pointy_Nose == -1 and No_Beard == 1 and Mustache == -1 and  Blurry == - 1
224,Male == -1 and Bald == 1 and Young == -1 and Eyeglasses == 1 and Bushy_Eyebrows == -1 and Arched_Eyebrows == -1 and Big_Nose == 1 and Pointy_Nose == -1 and Mustache == 1 and  Blurry == - 1
225,Male == -1 and Bald == 1 and Young == -1 and Eyeglasses == 1 and Bushy_Eyebrows == -1 and Arched_Eyebrows == -1 and Big_Nose == 1 and Pointy_Nose == -1 and No_Beard == -1 and  Blurry == - 1
226,Male == -1 and Bald == 1 and Young == -1 and Eyeglasses == 1 and Bushy_Eyebrows == -1 and Arched_Eyebrows == 1 and Big_Nose == -1 and Pointy_Nose == -1 and No_Beard == 1 and Mustache == -1 and  Blurry == - 1
227,Male == -1 and Bald == 1 and Young == -1 and Eyeglasses == 1 and Bushy_Eyebrows == -1 and Arched_Eyebrows == 1 and Big_Nose == -1 and Pointy_Nose == -1 and Mustache == 1 and  Blurry == - 1
228,Male == -1 and Bald == 1 and Young == -1 and Eyeglasses == 1 and Bushy_Eyebrows == -1 and Arched_Eyebrows == 1 and Big_Nose == -1 and Pointy_Nose == -1 and No_Beard == -1 and  Blurry == - 1
229,Male == -1 and Bald == 1 and Young == -1 and Eyeglasses == 1 and Bushy_Eyebrows == -1 and Arched_Eyebrows == 1 and Big_Nose == -1 and Pointy_Nose == 1 and No_Beard == 1 and Mustache == -1 and  Blurry == - 1
230,Male == -1 and Bald == 1 and Young == -1 and Eyeglasses == 1 and Bushy_Eyebrows == -1 and Arched_Eyebrows == 1 and Big_Nose == -1 and Pointy_Nose == 1 and Mustache == 1 and  Blurry == - 1
231,Male == -1 and Bald == 1 and Young == -1 and Eyeglasses == 1 and Bushy_Eyebrows == -1 and Arched_Eyebrows == 1 and Big_Nose == -1 and Pointy_Nose == 1 and No_Beard == -1 and  Blurry == - 1
232,Male == -1 and Bald == 1 and Young == -1 and Eyeglasses == 1 and Bushy_Eyebrows == -1 and Arched_Eyebrows == 1 and Big_Nose == 1 and Pointy_Nose == -1 and No_Beard == 1 and Mustache == -1 and  Blurry == - 1
233,Male == -1 and Bald == 1 and Young == -1 and Eyeglasses == 1 and Bushy_Eyebrows == -1 and Arched_Eyebrows == 1 and Big_Nose == 1 and Pointy_Nose == -1 and Mustache == 1 and  Blurry == - 1
234,Male == -1 and Bald == 1 and Young == -1 and Eyeglasses == 1 and Bushy_Eyebrows == -1 and Arched_Eyebrows == 1 and Big_Nose == 1 and Pointy_Nose == -1 and No_Beard == -1 and  Blurry == - 1
235,Male == -1 and Bald == 1 and Young == -1 and Eyeglasses == 1 and Bushy_Eyebrows == 1 and Arched_Eyebrows == -1 and Big_Nose == -1 and Pointy_Nose == -1 and No_Beard == 1 and Mustache == -1 and  Blurry == - 1
236,Male == -1 and Bald == 1 and Young == -1 and Eyeglasses == 1 and Bushy_Eyebrows == 1 and Arched_Eyebrows == -1 and Big_Nose == -1 and Pointy_Nose == -1 and Mustache == 1 and  Blurry == - 1
237,Male == -1 and Bald == 1 and Young == -1 and Eyeglasses == 1 and Bushy_Eyebrows == 1 and Arched_Eyebrows == -1 and Big_Nose == -1 and Pointy_Nose == -1 and No_Beard == -1 and  Blurry == - 1
238,Male == -1 and Bald == 1 and Young == -1 and Eyeglasses == 1 and Bushy_Eyebrows == 1 and Arched_Eyebrows == -1 and Big_Nose == -1 and Pointy_Nose == 1 and No_Beard == 1 and Mustache == -1 and  Blurry == - 1
239,Male == -1 and Bald == 1 and Young == -1 and Eyeglasses == 1 and Bushy_Eyebrows == 1 and Arched_Eyebrows == -1 and Big_Nose == -1 and Pointy_Nose == 1 and Mustache == 1 and  Blurry == - 1
240,Male == -1 and Bald == 1 and Young == -1 and Eyeglasses == 1 and Bushy_Eyebrows == 1 and Arched_Eyebrows == -1 and Big_Nose == -1 and Pointy_Nose == 1 and No_Beard == -1 and  Blurry == - 1
241,Male == -1 and Bald == 1 and Young == -1 and Eyeglasses == 1 and Bushy_Eyebrows == 1 and Arched_Eyebrows == -1 and Big_Nose == 1 and Pointy_Nose == -1 and No_Beard == 1 and Mustache == -1 and  Blurry == - 1
242,Male == -1 and Bald == 1 and Young == -1 and Eyeglasses == 1 and Bushy_Eyebrows == 1 and Arched_Eyebrows == -1 and Big_Nose == 1 and Pointy_Nose == -1 and Mustache == 1 and  Blurry == - 1
243,Male == -1 and Bald == 1 and Young == -1 and Eyeglasses == 1 and Bushy_Eyebrows == 1 and Arched_Eyebrows == -1 and Big_Nose == 1 and Pointy_Nose == -1 and No_Beard == -1 and  Blurry == - 1
244,Male == -1 and Bald == 1 and Young == 1 and Eyeglasses == -1 and Bushy_Eyebrows == -1 and Arched_Eyebrows == -1 and Big_Nose == -1 and Pointy_Nose == -1 and Mustache == 1 and  Blurry == - 1
245,Male == -1 and Bald == 1 and Young == 1 and Eyeglasses == -1 and Bushy_Eyebrows == -1 and Arched_Eyebrows == -1 and Big_Nose == -1 and Pointy_Nose == -1 and No_Beard == -1 and  Blurry == - 1
246,Male == -1 and Bald == 1 and Young == 1 and Eyeglasses == -1 and Bushy_Eyebrows == -1 and Arched_Eyebrows == -1 and Big_Nose == -1 and Pointy_Nose == 1 and No_Beard == 1 and Mustache == -1 and  Blurry == - 1
247,Male == -1 and Bald == 1 and Young == 1 and Eyeglasses == -1 and Bushy_Eyebrows == -1 and Arched_Eyebrows == -1 and Big_Nose == -1 and Pointy_Nose == 1 and Mustache == 1 and  Blurry == - 1
248,Male == -1 and Bald == 1 and Young == 1 and Eyeglasses == -1 and Bushy_Eyebrows == -1 and Arched_Eyebrows == -1 and Big_Nose == -1 and Pointy_Nose == 1 and No_Beard == -1 and  Blurry == - 1
249,Male == -1 and Bald == 1 and Young == 1 and Eyeglasses == -1 and Bushy_Eyebrows == -1 and Arched_Eyebrows == -1 and Big_Nose == 1 and Pointy_Nose == -1 and Mustache == 1 and  Blurry == - 1
250,Male == -1 and Bald == 1 and Young == 1 and Eyeglasses == -1 and Bushy_Eyebrows == -1 and Arched_Eyebrows == -1 and Big_Nose == 1 and Pointy_Nose == -1 and No_Beard == -1 and  Blurry == - 1
251,Male == -1 and Bald == 1 and Young == 1 and Eyeglasses == -1 and Bushy_Eyebrows == -1 and Arched_Eyebrows == 1 and Big_Nose == -1 and Pointy_Nose == -1 and Mustache == 1 and  Blurry == - 1
252,Male == -1 and Bald == 1 and Young == 1 and Eyeglasses == -1 and Bushy_Eyebrows == -1 and Arched_Eyebrows == 1 and Big_Nose == -1 and Pointy_Nose == -1 and No_Beard == -1 and  Blurry == - 1
253,Male == -1 and Bald == 1 and Young == 1 and Eyeglasses == -1 and Bushy_Eyebrows == -1 and Arched_Eyebrows == 1 and Big_Nose == -1 and Pointy_Nose == 1 and Mustache == 1 and  Blurry == - 1
254,Male == -1 and Bald == 1 and Young == 1 and Eyeglasses == -1 and Bushy_Eyebrows == -1 and Arched_Eyebrows == 1 and Big_Nose == -1 and Pointy_Nose == 1 and No_Beard == -1 and  Blurry == - 1
255,Male == -1 and Bald == 1 and Young == 1 and Eyeglasses == -1 and Bushy_Eyebrows == -1 and Arched_Eyebrows == 1 and Big_Nose == 1 and Pointy_Nose == -1 and Mustache == 1 and  Blurry == - 1
256,Male == -1 and Bald == 1 and Young == 1 and Eyeglasses == -1 and Bushy_Eyebrows == -1 and Arched_Eyebrows == 1 and Big_Nose == 1 and Pointy_Nose == -1 and No_Beard == -1 and  Blurry == - 1
257,Male == -1 and Bald == 1 and Young == 1 and Eyeglasses == -1 and Bushy_Eyebrows == 1 and Arched_Eyebrows == -1 and Big_Nose == -1 and Pointy_Nose == -1 and No_Beard == 1 and Mustache == -1 and  Blurry == - 1
258,Male == -1 and Bald == 1 and Young == 1 and Eyeglasses == -1 and Bushy_Eyebrows == 1 and Arched_Eyebrows == -1 and Big_Nose == -1 and Pointy_Nose == -1 and Mustache == 1 and  Blurry == - 1
259,Male == -1 and Bald == 1 and Young == 1 and Eyeglasses == -1 and Bushy_Eyebrows == 1 and Arched_Eyebrows == -1 and Big_Nose == -1 and Pointy_Nose == -1 and No_Beard == -1 and  Blurry == - 1
260,Male == -1 and Bald == 1 and Young == 1 and Eyeglasses == -1 and Bushy_Eyebrows == 1 and Arched_Eyebrows == -1 and Big_Nose == -1 and Pointy_Nose == 1 and No_Beard == 1 and Mustache == -1 and  Blurry == - 1
261,Male == -1 and Bald == 1 and Young == 1 and Eyeglasses == -1 and Bushy_Eyebrows == 1 and Arched_Eyebrows == -1 and Big_Nose == -1 and Pointy_Nose == 1 and Mustache == 1 and  Blurry == - 1
262,Male == -1 and Bald == 1 and Young == 1 and Eyeglasses == -1 and Bushy_Eyebrows == 1 and Arched_Eyebrows == -1 and Big_Nose == -1 and Pointy_Nose == 1 and No_Beard == -1 and  Blurry == - 1
263,Male == -1 and Bald == 1 and Young == 1 and Eyeglasses == -1 and Bushy_Eyebrows == 1 and Arched_Eyebrows == -1 and Big_Nose == 1 and Pointy_Nose == -1 and No_Beard == 1 and Mustache == -1 and  Blurry == - 1
264,Male == -1 and Bald == 1 and Young == 1 and Eyeglasses == -1 and Bushy_Eyebrows == 1 and Arched_Eyebrows == -1 and Big_Nose == 1 and Pointy_Nose == -1 and Mustache == 1 and  Blurry == - 1
265,Male == -1 and Bald == 1 and Young == 1 and Eyeglasses == -1 and Bushy_Eyebrows == 1 and Arched_Eyebrows == -1 and Big_Nose == 1 and Pointy_Nose == -1 and No_Beard == -1 and  Blurry == - 1
266,Male == -1 and Bald == 1 and Young == 1 and Eyeglasses == 1 and Bushy_Eyebrows == -1 and Arched_Eyebrows == -1 and Big_Nose == -1 and Pointy_Nose == -1 and Mustache == 1 and  Blurry == - 1
267,Male == -1 and Bald == 1 and Young == 1 and Eyeglasses == 1 and Bushy_Eyebrows == -1 and Arched_Eyebrows == -1 and Big_Nose == -1 and Pointy_Nose == -1 and No_Beard == -1 and  Blurry == - 1
268,Male == -1 and Bald == 1 and Young == 1 and Eyeglasses == 1 and Bushy_Eyebrows == -1 and Arched_Eyebrows == -1 and Big_Nose == -1 and Pointy_Nose == 1 and No_Beard == 1 and Mustache == -1 and  Blurry == - 1
269,Male == -1 and Bald == 1 and Young == 1 and Eyeglasses == 1 and Bushy_Eyebrows == -1 and Arched_Eyebrows == -1 and Big_Nose == -1 and Pointy_Nose == 1 and Mustache == 1 and  Blurry == - 1
270,Male == -1 and Bald == 1 and Young == 1 and Eyeglasses == 1 and Bushy_Eyebrows == -1 and Arched_Eyebrows == -1 and Big_Nose == -1 and Pointy_Nose == 1 and No_Beard == -1 and  Blurry == - 1
271,Male == -1 and Bald == 1 and Young == 1 and Eyeglasses == 1 and Bushy_Eyebrows == -1 and Arched_Eyebrows == -1 and Big_Nose == 1 and Pointy_Nose == -1 and No_Beard == 1 and Mustache == -1 and  Blurry == - 1
272,Male == -1 and Bald == 1 and Young == 1 and Eyeglasses == 1 and Bushy_Eyebrows == -1 and Arched_Eyebrows == -1 and Big_Nose == 1 and Pointy_Nose == -1 and Mustache == 1 and  Blurry == - 1
273,Male == -1 and Bald == 1 and Young == 1 and Eyeglasses == 1 and Bushy_Eyebrows == -1 and Arched_Eyebrows == -1 and Big_Nose == 1 and Pointy_Nose == -1 and No_Beard == -1 and  Blurry == - 1
274,Male == -1 and Bald == 1 and Young == 1 and Eyeglasses == 1 and Bushy_Eyebrows == -1 and Arched_Eyebrows == 1 and Big_Nose == -1 and Pointy_Nose == -1 and No_Beard == 1 and Mustache == -1 and  Blurry == - 1
275,Male == -1 and Bald == 1 and Young == 1 and Eyeglasses == 1 and Bushy_Eyebrows == -1 and Arched_Eyebrows == 1 and Big_Nose == -1 and Pointy_Nose == -1 and Mustache == 1 and  Blurry == - 1
276,Male == -1 and Bald == 1 and Young == 1 and Eyeglasses == 1 and Bushy_Eyebrows == -1 and Arched_Eyebrows == 1 and Big_Nose == -1 and Pointy_Nose == -1 and No_Beard == -1 and  Blurry == - 1
277,Male == -1 and Bald == 1 and Young == 1 and Eyeglasses == 1 and Bushy_Eyebrows == -1 and Arched_Eyebrows == 1 and Big_Nose == -1 and Pointy_Nose == 1 and No_Beard == 1 and Mustache == -1 and  Blurry == - 1
278,Male == -1 and Bald == 1 and Young == 1 and Eyeglasses == 1 and Bushy_Eyebrows == -1 and Arched_Eyebrows == 1 and Big_Nose == -1 and Pointy_Nose == 1 and Mustache == 1 and  Blurry == - 1
279,Male == -1 and Bald == 1 and Young == 1 and Eyeglasses == 1 and Bushy_Eyebrows == -1 and Arched_Eyebrows == 1 and Big_Nose == -1 and Pointy_Nose == 1 and No_Beard == -1 and  Blurry == - 1
280,Male == -1 and Bald == 1 and Young == 1 and Eyeglasses == 1 and Bushy_Eyebrows == -1 and Arched_Eyebrows == 1 and Big_Nose == 1 and Pointy_Nose == -1 and No_Beard == 1 and Mustache == -1 and  Blurry == - 1
281,Male == -1 and Bald == 1 and Young == 1 and Eyeglasses == 1 and Bushy_Eyebrows == -1 and Arched_Eyebrows == 1 and Big_Nose == 1 and Pointy_Nose == -1 and Mustache == 1 and  Blurry == - 1
282,Male == -1 and Bald == 1 and Young == 1 and Eyeglasses == 1 and Bushy_Eyebrows == -1 and Arched_Eyebrows == 1 and Big_Nose == 1 and Pointy_Nose == -1 and No_Beard == -1 and  Blurry == - 1
283,Male == -1 and Bald == 1 and Young == 1 and Eyeglasses == 1 and Bushy_Eyebrows == 1 and Arched_Eyebrows == -1 and Big_Nose == -1 and Pointy_Nose == -1 and No_Beard == 1 and Mustache == -1 and  Blurry == - 1
284,Male == -1 and Bald == 1 and Young == 1 and Eyeglasses == 1 and Bushy_Eyebrows == 1 and Arched_Eyebrows == -1 and Big_Nose == -1 and Pointy_Nose == -1 and Mustache == 1 and  Blurry == - 1
285,Male == -1 and Bald == 1 and Young == 1 and Eyeglasses == 1 and Bushy_Eyebrows == 1 and Arched_Eyebrows == -1 and Big_Nose == -1 and Pointy_Nose == -1 and No_Beard == -1 and  Blurry == - 1
286,Male == -1 and Bald == 1 and Young == 1 and Eyeglasses == 1 and Bushy_Eyebrows == 1 and Arched_Eyebrows == -1 and Big_Nose == -1 and Pointy_Nose == 1 and No_Beard == 1 and Mustache == -1 and  Blurry == - 1
287,Male == -1 and Bald == 1 and Young == 1 and Eyeglasses == 1 and Bushy_Eyebrows == 1 and Arched_Eyebrows == -1 and Big_Nose == -1 and Pointy_Nose == 1 and Mustache == 1 and  Blurry == - 1
288,Male == -1 and Bald == 1 and Young == 1 and Eyeglasses == 1 and Bushy_Eyebrows == 1 and Arched_Eyebrows == -1 and Big_Nose == -1 and Pointy_Nose == 1 and No_Beard == -1 and  Blurry == - 1
289,Male == -1 and Bald == 1 and Young == 1 and Eyeglasses == 1 and Bushy_Eyebrows == 1 and Arched_Eyebrows == -1 and Big_Nose == 1 and Pointy_Nose == -1 and No_Beard == 1 and Mustache == -1 and  Blurry == - 1
290,Male == -1 and Bald == 1 and Young == 1 and Eyeglasses == 1 and Bushy_Eyebrows == 1 and Arched_Eyebrows == -1 and Big_Nose == 1 and Pointy_Nose == -1 and Mustache == 1 and  Blurry == - 1
291,Male == -1 and Bald == 1 and Young == 1 and Eyeglasses == 1 and Bushy_Eyebrows == 1 and Arched_Eyebrows == -1 and Big_Nose == 1 and Pointy_Nose == -1 and No_Beard == -1 and  Blurry == - 1
292,Male == 1 and Bald == -1 and Young == -1 and Eyeglasses == 1 and Bushy_Eyebrows == -1 and Arched_Eyebrows == 1 and Big_Nose == -1 and Pointy_Nose == -1 and Mustache == 1 and  Blurry == - 1
293,Male == 1 and Bald == -1 and Young == -1 and Eyeglasses == 1 and Bushy_Eyebrows == -1 and Arched_Eyebrows == 1 and Big_Nose == -1 and Pointy_Nose == -1 and No_Beard == -1 and  Blurry == - 1
294,Male == 1 and Bald == -1 and Young == -1 and Eyeglasses == 1 and Bushy_Eyebrows == -1 and Arched_Eyebrows == 1 and Big_Nose == -1 and Pointy_Nose == 1 and No_Beard == 1 and Mustache == -1 and  Blurry == - 1
295,Male == 1 and Bald == -1 and Young == -1 and Eyeglasses == 1 and Bushy_Eyebrows == -1 and Arched_Eyebrows == 1 and Big_Nose == -1 and Pointy_Nose == 1 and Mustache == 1 and  Blurry == - 1
296,Male == 1 and Bald == -1 and Young == -1 and Eyeglasses == 1 and Bushy_Eyebrows == -1 and Arched_Eyebrows == 1 and Big_Nose == -1 and Pointy_Nose == 1 and No_Beard == -1 and  Blurry == - 1
297,Male == 1 and Bald == -1 and Young == -1 and Eyeglasses == 1 and Bushy_Eyebrows == 1 and Arched_Eyebrows == -1 and Big_Nose == -1 and Pointy_Nose == 1 and Mustache == 1 and  Blurry == - 1
298,Male == 1 and Bald == -1 and Young == 1 and Eyeglasses == 1 and Bushy_Eyebrows == -1 and Arched_Eyebrows == 1 and Big_Nose == -1 and Pointy_Nose == -1 and Mustache == 1 and  Blurry == - 1
299,Male == 1 and Bald == -1 and Young == 1 and Eyeglasses == 1 and Bushy_Eyebrows == -1 and Arched_Eyebrows == 1 and Big_Nose == -1 and Pointy_Nose == -1 and No_Beard == -1 and  Blurry == - 1
300,Male == 1 and Bald == -1 and Young == 1 and Eyeglasses == 1 and Bushy_Eyebrows == -1 and Arched_Eyebrows == 1 and Big_Nose == -1 and Pointy_Nose == 1 and No_Beard == 1 and Mustache == -1 and  Blurry == - 1
301,Male == 1 and Bald == -1 and Young == 1 and Eyeglasses == 1 and Bushy_Eyebrows == -1 and Arched_Eyebrows == 1 and Big_Nose == -1 and Pointy_Nose == 1 and Mustache == 1 and  Blurry == - 1
302,Male == 1 and Bald == -1 and Young == 1 and Eyeglasses == 1 and Bushy_Eyebrows == 1 and Arched_Eyebrows == -1 and Big_Nose == -1 and Pointy_Nose == 1 and Mustache == 1 and  Blurry == - 1
303,Male == 1 and Bald == 1 and Young == -1 and Eyeglasses == -1 and Bushy_Eyebrows == -1 and Arched_Eyebrows == 1 and Big_Nose == -1 and Pointy_Nose == -1 and Mustache == 1 and  Blurry == - 1
304,Male == 1 and Bald == 1 and Young == -1 and Eyeglasses == -1 and Bushy_Eyebrows == -1 and Arched_Eyebrows == 1 and Big_Nose == -1 and Pointy_Nose == 1 and Mustache == 1 and  Blurry == - 1
305,Male == 1 and Bald == 1 and Young == -1 and Eyeglasses == -1 and Bushy_Eyebrows == -1 and Arched_Eyebrows == 1 and Big_Nose == -1 and Pointy_Nose == 1 and No_Beard == -1 and  Blurry == - 1
306,Male == 1 and Bald == 1 and Young == -1 and Eyeglasses == 1 and Bushy_Eyebrows == -1 and Arched_Eyebrows == -1 and Big_Nose == -1 and Pointy_Nose == 1 and Mustache == 1 and  Blurry == - 1
307,Male == 1 and Bald == 1 and Young == -1 and Eyeglasses == 1 and Bushy_Eyebrows == -1 and Arched_Eyebrows == 1 and Big_Nose == -1 and Pointy_Nose == -1 and No_Beard == 1 and Mustache == -1 and  Blurry == - 1
308,Male == 1 and Bald == 1 and Young == -1 and Eyeglasses == 1 and Bushy_Eyebrows == -1 and Arched_Eyebrows == 1 and Big_Nose == -1 and Pointy_Nose == -1 and Mustache == 1 and  Blurry == - 1
309,Male == 1 and Bald == 1 and Young == -1 and Eyeglasses == 1 and Bushy_Eyebrows == -1 and Arched_Eyebrows == 1 and Big_Nose == -1 and Pointy_Nose == -1 and No_Beard == -1 and  Blurry == - 1
310,Male == 1 and Bald == 1 and Young == -1 and Eyeglasses == 1 and Bushy_Eyebrows == -1 and Arched_Eyebrows == 1 and Big_Nose == -1 and Pointy_Nose == 1 and No_Beard == 1 and Mustache == -1 and  Blurry == - 1
311,Male == 1 and Bald == 1 and Young == -1 and Eyeglasses == 1 and Bushy_Eyebrows == -1 and Arched_Eyebrows == 1 and Big_Nose == -1 and Pointy_Nose == 1 and Mustache == 1 and  Blurry == - 1
312,Male == 1 and Bald == 1 and Young == -1 and Eyeglasses == 1 and Bushy_Eyebrows == -1 and Arched_Eyebrows == 1 and Big_Nose == -1 and Pointy_Nose == 1 and No_Beard == -1 and  Blurry == - 1
313,Male == 1 and Bald == 1 and Young == -1 and Eyeglasses == 1 and Bushy_Eyebrows == 1 and Arched_Eyebrows == -1 and Big_Nose == -1 and Pointy_Nose == 1 and No_Beard == 1 and Mustache == -1 and  Blurry == - 1
314,Male == 1 and Bald == 1 and Young == -1 and Eyeglasses == 1 and Bushy_Eyebrows == 1 and Arched_Eyebrows == -1 and Big_Nose == -1 and Pointy_Nose == 1 and Mustache == 1 and  Blurry == - 1
315,Male == 1 and Bald == 1 and Young == 1 and Eyeglasses == -1 and Bushy_Eyebrows == -1 and Arched_Eyebrows == -1 and Big_Nose == -1 and Pointy_Nose == 1 and Mustache == 1 and  Blurry == - 1
316,Male == 1 and Bald == 1 and Young == 1 and Eyeglasses == -1 and Bushy_Eyebrows == -1 and Arched_Eyebrows == 1 and Big_Nose == -1 and Pointy_Nose == 1 and No_Beard == 1 and Mustache == -1 and  Blurry == - 1
317,Male == 1 and Bald == 1 and Young == 1 and Eyeglasses == -1 and Bushy_Eyebrows == -1 and Arched_Eyebrows == 1 and Big_Nose == -1 and Pointy_Nose == 1 and Mustache == 1 and  Blurry == - 1
318,Male == 1 and Bald == 1 and Young == 1 and Eyeglasses == -1 and Bushy_Eyebrows == -1 and Arched_Eyebrows == 1 and Big_Nose == -1 and Pointy_Nose == 1 and No_Beard == -1 and  Blurry == - 1
319,Male == 1 and Bald == 1 and Young == 1 and Eyeglasses == -1 and Bushy_Eyebrows == 1 and Arched_Eyebrows == -1 and Big_Nose == -1 and Pointy_Nose == 1 and No_Beard == 1 and Mustache == -1 and  Blurry == - 1
320,Male == 1 and Bald == 1 and Young == 1 and Eyeglasses == -1 and Bushy_Eyebrows == 1 and Arched_Eyebrows == -1 and Big_Nose == -1 and Pointy_Nose == 1 and Mustache == 1 and  Blurry == - 1
321,Male == 1 and Bald == 1 and Young == 1 and Eyeglasses == 1 and Bushy_Eyebrows == -1 and Arched_Eyebrows == -1 and Big_Nose == -1 and Pointy_Nose == 1 and Mustache == 1 and  Blurry == - 1
322,Male == 1 and Bald == 1 and Young == 1 and Eyeglasses == 1 and Bushy_Eyebrows == -1 and Arched_Eyebrows == 1 and Big_Nose == -1 and Pointy_Nose == -1 and No_Beard == 1 and Mustache == -1 and  Blurry == - 1
323,Male == 1 and Bald == 1 and Young == 1 and Eyeglasses == 1 and Bushy_Eyebrows == -1 and Arched_Eyebrows == 1 and Big_Nose == -1 and Pointy_Nose == -1 and Mustache == 1 and  Blurry == - 1
324,Male == 1 and Bald == 1 and Young == 1 and Eyeglasses == 1 and Bushy_Eyebrows == -1 and Arched_Eyebrows == 1 and Big_Nose == -1 and Pointy_Nose == -1 and No_Beard == -1 and  Blurry == - 1
325,Male == 1 and Bald == 1 and Young == 1 and Eyeglasses == 1 and Bushy_Eyebrows == -1 and Arched_Eyebrows == 1 and Big_Nose == -1 and Pointy_Nose == 1 and No_Beard == 1 and Mustache == -1 and  Blurry == - 1
326,Male == 1 and Bald == 1 and Young == 1 and Eyeglasses == 1 and Bushy_Eyebrows == -1 and Arched_Eyebrows == 1 and Big_Nose == -1 and Pointy_Nose == 1 and Mustache == 1 and  Blurry == - 1
327,Male == 1 and Bald == 1 and Young == 1 and Eyeglasses == 1 and Bushy_Eyebrows == -1 and Arched_Eyebrows == 1 and Big_Nose == -1 and Pointy_Nose == 1 and No_Beard == -1 and  Blurry == - 1
328,Male == 1 and Bald == 1 and Young == 1 and Eyeglasses == 1 and Bushy_Eyebrows == -1 and Arched_Eyebrows == 1 and Big_Nose == 1 and Pointy_Nose == -1 and No_Beard == 1 and Mustache == -1 and  Blurry == - 1
329,Male == 1 and Bald == 1 and Young == 1 and Eyeglasses == 1 and Bushy_Eyebrows == -1 and Arched_Eyebrows == 1 and Big_Nose == 1 and Pointy_Nose == -1 and Mustache == 1 and  Blurry == - 1
330,Male == 1 and Bald == 1 and Young == 1 and Eyeglasses == 1 and Bushy_Eyebrows == 1 and Arched_Eyebrows == -1 and Big_Nose == -1 and Pointy_Nose == -1 and No_Beard == 1 and Mustache == -1 and  Blurry == - 1
331,Male == 1 and Bald == 1 and Young == 1 and Eyeglasses == 1 and Bushy_Eyebrows == 1 and Arched_Eyebrows == -1 and Big_Nose == -1 and Pointy_Nose == -1 and Mustache == 1 and  Blurry == - 1
332,Male == 1 and Bald == 1 and Young == 1 and Eyeglasses == 1 and Bushy_Eyebrows == 1 and Arched_Eyebrows == -1 and Big_Nose == -1 and Pointy_Nose == -1 and No_Beard == -1 and  Blurry == - 1
333,Male == 1 and Bald == 1 and Young == 1 and Eyeglasses == 1 and Bushy_Eyebrows == 1 and Arched_Eyebrows == -1 and Big_Nose == -1 and Pointy_Nose == 1 and No_Beard == 1 and Mustache == -1 and  Blurry == - 1
334,Male == 1 and Bald == 1 and Young == 1 and Eyeglasses == 1 and Bushy_Eyebrows == 1 and Arched_Eyebrows == -1 and Big_Nose == -1 and Pointy_Nose == 1 and Mustache == 1 and  Blurry == - 1
335,Male == 1 and Bald == 1 and Young == 1 and Eyeglasses == 1 and Bushy_Eyebrows == 1 and Arched_Eyebrows == -1 and Big_Nose == -1 and Pointy_Nose == 1 and No_Beard == -1 and  Blurry == - 1
336,Male == 1 and Bald == 1 and Young == 1 and Eyeglasses == 1 and Bushy_Eyebrows == 1 and Arched_Eyebrows == -1 and Big_Nose == 1 and Pointy_Nose == -1 and Mustache == 1 and  Blurry == - 1
337,Male == 1 and Bald == 1 and Young == 1 and Eyeglasses == 1 and Bushy_Eyebrows == 1 and Arched_Eyebrows == -1 and Big_Nose == 1 and Pointy_Nose == -1 and No_Beard == -1 and  Blurry == - 1
